label,review
인사이드아웃2,"9년 만에 돌아온 <인사이듯 아웃> 속편. 전편 마지막에서 예고한 대로 열세 살 라일리의 본격 사춘기가 시작되었다. 새롭게 합류한 감정 캐릭터들은 속편의 무게를 너끈히 떠받친다. 사춘기를 통과한 이들이라면 ‘불안이’ 캐릭터에 감정이입할 수밖에 없다. 전편의 인기에 연연하지 않고, 기존 캐릭터들의 성장과 세상 모든 어린이들을 응원하는 메시지에 힘을 실어 전편을 뛰어넘는다."
인사이드아웃2,뒤척이며 잠 못 드는 사이에도 내게 부단히 희망을 주고 있던 사랑의 존재들
인사이드아웃2,소용돌이를 헤치며 꿋꿋이 흐뭇하게
인사이드아웃2,"9년, 인물과 영화와 관객이 함께 자라고 변하는 경험"
인사이드아웃2,'소심'한 '행복'이 가득했던 나의 20대를 지나 '불안'한 '행복'을 경험하고 있는 나의 30대의 건강한 '신념'을 위하여
인사이드아웃2,디즈니는 내게 재미를 주고 픽사는 내게 감동을 준다.가끔은 빙봉이 그립다
인사이드아웃2,내 감정들과 내 자신을 돌아볼 수 있었던 시간
인사이드아웃2,<엘리멘탈>로 사랑의 감동을 주더니 1년만에 우리 모두가 가지고 있는 사춘기 시절로 우리를 데려다주며 감정의 폭죽을 터트려버렸다... 그저 갓픽사
인사이드아웃2,제발 라일리가 할머니가 될때까지 시리즈로 내어주세요... 제가 할머니가 되어서 극장으로 보러갈게요. 기억할머니가 주인공이 되는 그날까지....
인사이드아웃2,"불안 때문에 숨도 안 쉬어지는게 무슨 벌 받고 있는 거라 생각했는데, 영화 보고 그 불안마저도 내 행복을 진심으로 원했단 것을 알고 눈물이 쏟아졌습니다. 불안과 화해하게 해 준 영화."
인사이드아웃2,"지금까지 불안이를 미워하고 치우고 싶었지만, 나를 위해 열심히 해준 불안이를 이제는 용서하고 고마움을 표현하려 합니다"
인사이드아웃2,불안도 기쁨도 슬픔도 다 나를 지키기 위해 최선을 다한다. 내가 이렇게 소중한 사람이었구나
인사이드아웃2,한층 더 발전한 애니메이션은 나를 울려...9년만에 나온 다음편? 이거 진짜 너무 재밌다 이거 진짜 에반데 감동이 너무 심함. 진짜 미치겠음. 또 봐야됨. 2024년 여름을 최고의 기분으로 시작~ 이런 게 극장가는 이유야... 난 이런 걸 평생 사랑하겠지...
인사이드아웃2,독창성과 유머는 덜하지만 이 정도면 졌잘싸
인사이드아웃2,"전편에 비해 줄어든 기쁨·슬픔의 비중은 단순히 영화적 전략 때문은 아닐 것이다. 부모라는 울타리 안에서 몇 가지 감정만으로 살아가기에 큰 무리가 없는 시기를 지나, 인간은 관계의 확정과 함께 다양한 감정을 만나게 된다. 픽사는 이러한 감정의 생로병사를 세심하게 반영해 낸다. 사춘기에 접어든 라일리의 머릿속은 새로운 감정들과 통성명하느라 분주하고, 어수선하며, 결정적으로 불안하다. 아니나 다를까, 컨트롤타워 주인으로 승격한 건 ‘불안’이다. 불안을 빌런인 동시에 빌런이 아니다. 전작의 ‘슬픔’이 그랬듯, 영화는 부정적인 감정 역시 나의 일부임을 받아들이는 게 왜 중요한지는 뭉클하게 설득해낸다. 1편의 빙봉처럼 감정의 심연을 건드리는 신스틸러가 부재하다는 점에서, 영화를 보는 내내 머릿속에서 ‘아쉬움’이 크게 작동했음을 고백한다."
인사이드아웃2,"어른이 되고 나니 '불안이'의 마음을 너무 잘 알겠어서, 예상치 못한 장면들에서 눈물이 났다. 불안이라는 감정과 친해질 수 있는 영화가 될 듯"
인사이드아웃2,외면하지 않을 때 비로소 마주하는 것. 뻔해서 뭉클한 성장 서사
인사이드아웃2,넘 사랑스럽고 감동적임..! 새로운 감정들 너무 공감되고 이해돼서 완전 몰입해서 봄. 또 보고 싶음
인사이드아웃2,"결국 시작은 '잘 해내야한다'는 불안감.그냥 좀 못합시다, 뭐 어때요"
인사이드아웃2,앞으로도 이렇게만 만들어주길.
인사이드아웃2,사춘기의 분열을 온전히 담기엔 다소 급한 이야기
인사이드아웃2,나를 사랑하는 나의 모든 감정들
인사이드아웃2,필요하지 않은 감정은 없으니까
인사이드아웃2,결국 불안을 잠재울수있는건 나 자신과 나를 믿어주는 존재라는것..
인사이드아웃2,"기쁨은 서서히 줄어들고 불안의 영역이 무한대로 늘어나는 기분. 성장하는 모든 존재의 감정을 뒤집어 꺼내본 듯한 놀라운 상상력은 이 시리즈의 여전한 매력이다. 2편 만의 새로운 재미도 확실하다. 사춘기를 맞은 라일리의 마음속에 일어난 재개발 공사 수준의 엄청난 변화들을 목격하는 것은 공감의 황홀경이다. 내가 내 마음을 설명할 수 없던 많은 순간, 캐릭터들을 떠올리면서 울고 웃을 수 있는 영화가 있다는 든든함. <인사이드 아웃> 시리즈는 애니메이션의 얼굴을 하고 나타난 최고의 카운슬러다. 다독임을 받고 싶던 순간에 필요했던 말이, 이 시리즈에 다 있다."
인사이드아웃2,개인적으로 2편이 1편보다 더 재밌었다... 최고bb 1편보다 재밌을까 걱정했는데 이런 걱정 안 해도 될 듯! 뽀짝한 캐릭터들이 모험 다니는 것도 귀엽고 신남ㅠㅠ 감동 그 자체였다
인사이드아웃2,“어른이 된다는게 이런건가봐 기쁨이 줄어드는거“
인사이드아웃2,빙봉은 없었다. 하지만 영화가 끝났을땐 그 안에 내가 있었다.
인사이드아웃2,픽사의 역대급 명작 탑 5
인사이드아웃2,효능감을 가지려 안달했던 당신과 나의 라일리에게
위키드,현피 뜰 때가 제일 재밌었다
위키드,위키드 2는 영화를 조금 깊게 파지않거나 감정선을 이해를 못한다던지 1만 보고 아 웅장하고 재밌다만 생각하고 어느정도의 스토리를 알지못하면 지루하고 막장으로 보일수 있다 하지만 배우들의 연기에 빠져 하나하나 들여다 보면 위키드에서만 볼수...
위키드,끔찍해요 진심 시간아까움 스토리개판
위키드,"너무 실망했음 인물들 감정선이 전혀 이해 안됨. 친구 결혼식장에서 예랑 뺏어서 사랑에 빠져서 싸워놓고 갑자기 눈물 흘리며 서로를 위하고.. 전체적으로 지루했지만 결혼식장 이후 장면부터 진짜 뭘 보고 있는건지 모르겠다는 생각 뿐이었음.원작이 이런건지 영화만 이런건진 모르겠어서 말을 더 얹진 못하겠지만 하여튼간 개연성이 너무 별로였음. 좋은 노래도 별로 없었던 것 같음.봐줄만한 건 의상이나 연출, 화려함, 배우들의 연기 정도"
위키드,"오즈의 마법사부터 위키드까지 오즈의 세계관을 너무나도 사랑한 제가 엘파바와 글린다에게 꼭 말해주고 싶어요. “이제는 내일로 나아갈 시간, 둘로 인하여 달라졌어 내가“"
위키드,"OOO기영화인물의 감정선에 공감할 수 없고, 개연성도 없다. 뮤지컬 내용이 원래 이렇다는데 팬층이 두텁다는게 이해가 안됨 이런 개막장 스토리가 인기가 많다고?ㅋㅋㅋㅋ<이해가 안가는 부분>1. 처음으로 우정을 알려준 친구의 남자를 빼앗아서 뜨밤을 아무 죄책감 없이 보냄2. 동생이 죽은 현장에서 니남자 내남자 시전하며 친구에게 싸다구3. 그럼에도 불구하고 글린다와 알파바는 서로를 친구로 생각4. 원래는 동물들을 오즈로 되돌아오게 하는게 알파바의 목적이었고 정의감을 타오르게 했던 이유 같았는데, 후반부엔 오로지 친구의 남자와 사랑의 도피를 하는게 목적이었던 것처럼 상황이 변질됨. 그럴거였으면 애초에 동물들을 향한 정의감은 왜 불태웠었나? 처음부터 글린다의 남자를 빼앗는게 목적이라 하지 왜.5. 피에로. 이생키가 제일 문제. 글린다와 결혼까지 강행했으면서 속으로는 알파바를 좋아했다니. 그랬으면 처음부터 알파바와 함께했어야지. 그게 어렵다면 적어도 글린다와 연인 사이는 되지 말았어야지. 6. 동생이 죽은 집 앞에서 글린다와 사랑 싸움하다 피에로가 말려들어 도망쳐야 할 상황이 생겼는데, 아니 날 수 있는 능력을 가졌으면서 왜 혼자 도망가? 빗자루 태워서 같이 도망가면 되는거 아니야?이런 식의 이해가 안되는 상황이 계속 발생하는데 영화에 어찌 몰입할 수 있겠나.. 애초에 글린다와 알파바는 기숙사도 같이 쓰고 서로 샤워하는 것도 봤을텐데 알파바가 물 맞아서 죽었다는걸 바로 납득한다고?ㅋㅋㅋ 뮤지컬은 뮤지컬이고, 영화로 만들었으면 말이 안되는 부분은 개연성에 맞춰 수정을 했었어야지.. 원작팬들은 그런거에 불만 가질거면 평생 원작만 봐야지, 영화 와서 따질 원작팬 무서워 노개연성 노공감 스토리를 그대로 영화로 만든다고? 티켓값 아깝고 시간도 아깝고 소중한 내 주말을 망쳐서 너무나 분노하게 된 영화. 이딴걸 좋아하는 원작팬들은 혹시 뇌에 구멍이 났나? 막장스토리 좋아하는 사람들이면 k드라마 광팬들이실듯ㅋㅋㅋ"
위키드,"보강된 서사는 확신, 추가된 넘버는 불신"
위키드,1년간의 긴 인터미션이라는 기다림의 시간이 충분한 가치가 있는 영화였습니다 ㅜ
위키드,보는 내내 막장이라서 짜증났음 짜증날 때 쯤에 감미롭게 노래 불러서 중화되고 다시 막장되고 한번 울고 끝날 때까지 개막장 스토리
위키드,<오즈의 마법사>를 기억하면 그럭저럭
위키드,연기를 이렇게 잘하는지 몰랐음 ㅜㅜ 진짜 노래들도 너무 좋은데 색감이 진짜 미쳤음 지친 제 눈과 귀를 휴가보내줬어요
위키드,원작대비 영화 매우 잘뽑혔는데.... ㅠ
위키드,삶은 이따금 정지한 듯 보이지만 사실은 고요하게 사랑하고 있음을
위키드,피에로가 약혼녀 버리고 친구 좋다고 하고 그 친구는 또 좋다고 친구약혼남이랑 뜨밤보냄 ㅋㅋ 소박맞은 글린다가 너무 불쌍함.. 거기다 친구한테는 죽었다고 하고 약혼남이랑 도망가서 둘이 사랑하겠다고 떠남.. 갑자기 친딸이요? 막장 드라마세요? 별 ...
위키드,음...1편이 훨씬 좋았고 이번편은 뭔가...많이 아쉽고 지루했어요ㅠ
위키드,"뮤지컬 본사람은 알겠지만 애초에 1부 보다 2부가 좀 스토리도 급전개고, 노래도 1부에 명곡 우다다임영화로써는 최고임 그냥 애초에 스토리 자체가 빈약..그래도 뮤지컬에없는 새로운 넘버도 넣으면서 뮤지컬보다 흐름을 잘끌고 갔다고 생각합니다추천해요!"
위키드,지루하고 스토리개연성이없음 1편이 더 재미있어요
위키드,"위키드1에서 엘파바가 특별한 피부색과 틀별한 힘을 가지고 태어나 힘든 인생을 거쳤지만, 선한 마음과 정의로운 성격+ 세상에 둘도 없는 친구 글린다를 만났고, 이 우정의 힘을 빛내 문제를 해결하는 내용으로 원작과 다르게 가길 바랬어요ㅠ 그래서 원작보다는 더 전달하는 메세지가 있고, 희망을 주길 바랬는데, 2는 행복한 사람도 없고 그냥..이럴거면 둘의 우정을 내새운 의미가 있나 싶고 다 떠나서, 1에서 피해본 동물들에게 향해지는 악행을 막고자 했는데 당한 인물들이 돌아올수도 없고..친구 엘피와 좋아했던 피에르가 죽은줄알고, 엘파바의 뜻과 마음을 혼자 굳건하게 이어가는 글린다도 딱하고, 그냥 절망만이 남은 영화같아서 정말 아쉬웠어요"
위키드,얼빠바와 글렀다막무가내 감정선 1의 감동 모조리 파괴
위키드,"스토리, 개연성, 재미 모두 1편에 못미쳤고 1편은 160분였어도 지루하지 않았는데 137분인 2편은 지루했음."
위키드,감정선이 뒤죽박죽인 느낌이고 편집이 된건지 스토리 전개도 뚝뚝 끊기는 느낌 시각적인 효과와 연기는 좋았지만 아쉬움이 남는다
위키드,장황했으나 마무리는 흐뭇
위키드,"이 영화의 스토리는 말 그대로 중구난방입니다. 갑자기 튀어나오는 전개들은 아침드라마도 울고 갈 수준으로 억지스럽고, 앞뒤 맥락 없이 이어지는 장면들 때문에 도저히 몰입이 되질 않습니다.서로 연결되지도 않는 이야기 조각들을 억지로 이어 붙여놓은 느낌이라, 완성도는커녕 기본적인 이야기 구조조차 갖추지 못한 수준입니다. 흥미로운 설정이 있었다고 해도, 이렇게 난잡하게 전개될 거라면 차라리 없는 편이 나았을 정도입니다.총평을 하자면, 이야기의 기본 틀부터 다시 짜야 할 만큼 구성력이 심각하게 떨어지는 작품입니다."
위키드,제가 낮잠자면서 꾼 꿈이 더 개연성있고 재밌어요
하얼빈,감독님 아무 고민 없이 만드셨죠?독립운동가분들의 처절한 마음을 안다면 이렇게 대충 영화 만들 수가 없음 ㅡㅡ
하얼빈,가슴 뭉클해지고 열심히 살아야겠다는 생각이 들 수 밖에 없음 ㅠㅠ
하얼빈,"우리가 보지 못한 역사는 무엇일까, 그것에 골몰한 촬영의 처연한 시선"
하얼빈,숭고한 이미지와 앙상한 각본으로 새긴 보통 시민의 영웅적 초상
하얼빈,안중근의  진짜 업적은 사실 이토 사살이 아니다 감옥에서도 일본인에게도  존경받는 그의 품위와 위풍 당당함 논리정연한 언변 동아시아가  나아가야할  동양평화론 등 그의 사상과 정신이다  영화는 그의 사상 진정한 안중근을  철저히 무시한채  아주 단순하게 하얼빈에서 이토에게만 미쳐  총을 쏜 살인자 테러리스트로 만듵고 있다. 여러가지면에서 안중근이라는 인물에 대해 매우  1차원적으로  해석한것에 대해서 개탄스럽다 관객 수준을 80년대로 아는지
하얼빈,중간에 잠들었습니다..
하얼빈,"표정, 그것을 대하는 빛과 그림자가 아름다움을 넘어 숭고함을 득한다"
하얼빈,아직 기회가 남은 자들을 향한 길고 텐션 높은 담화
하얼빈,스토리가 최악입니다. 일본장교가 동성애자처럼 안중근을 계속 찾는것도 모르겠구요.  스토리가 최악이라 그냥 보지마시고 돈 아끼세요.
하얼빈,까레아우라 빼고는... 다큐같은.. 느낌. 다소 지루합니다..너무 기대했나봐요.
하얼빈,120분간의 담배 광고.
하얼빈,어지럽고 비장하게 짓누른다
하얼빈,"인간 안중근의 두려움, 같이 싸운 동지들의 연기 모두 마음에 남음"
하얼빈,"충분히 뜨거워질 수 있는 소재다. 그러나 우민호 감독은 차가운 시선으로 황량해진 안중근의 내면을 바라본다. 홍경표 촬영감독을 통해 시각화된 안중근의 심리는 그 자체로 하나의 쓸쓸한 풍경화 같다. 이야기 구성이 그리 쫀쫀하지는 않다. 영화는 안중근의 인간적 고뇌와 ‘밀정 척출’이라는 스파이물의 정취, 안중근에 살리에르적 반감을 품은 일본군 모리의 추격 사이를 오가는데 그것이 한데 섞여서 긴장감이 쌓이기보다는, 어디서 많이 본 듯한 그림 모음 같은 느낌을 전한다.(김지운의 <밀정> 등 여러 영화의 기시감이 있다.) 이야기에 ‘필요한 장면’을 찍은 것이라기보다는, 카메오나 미장센을 ‘보여주고 싶어서 찍은 장면’들이 종종 극의 흐름을 끊어버리기도 한다. 비장함은 있지만 감동은 옅은 건, 이러한 연유와 무관하지 않을 것이다. (어쩌면, 이 영화의 완성은 ‘스크린 밖’에서 올 것이다. 영화는 시대상을 반영한다는데 그것만 존재할까. 그 ‘역’도 존재한다. 시대가 영화(관람)에 영향을 주기도 한다. <하얼빈>이 그렇다. 광장에서 민주주의가 울려 퍼지는 이 하 수상한 시대에 <하얼빈>은 광장의 목소리를 소환한다.)"
하얼빈,"이 시대에 꼭 극장에서 봐줘야 하는 영화, 아름답고 울컥한다"
하얼빈,현빈이 연기한 안중근.. 귀하다.. 너무 잘소화한듯
하얼빈,안중근이 차가운 누아르를 만나 뜨겁게 타오르다
하얼빈,"안중근과 독립운동가들의 이야기에 초점을 맞춘 대작이다. 기존 항일 영화들과 다르게 액션과 오락성을 과감하게 덜어내고 암울하고 냉혹했던 일제강점기 시대의 공기를 담는 데 주력했다. 영웅 안중근 대신에 고뇌하는 안중근을 조명한 연출, 안중근의 새로운 얼굴을 보여주는 현빈, 비장미 가득한 촬영과 웅장한 음악이 어우러진 웰메이드 시대극이다. 박정민, 조우진, 전여빈, 이동욱, 릴리 프랭키 등 배우들의 연기와 지금의 정치적 현실과 공명하는 대사들이 감정을 끓어오르게 만든다."
하얼빈,가슴먹먹하게 보다가 카레이 우라에서 눈물이 터졌음...마지막 내레이션은 지금 우리에게 하는 말 같았음 천만가자!!
하얼빈,2시간짜리 광화문으로의 초대장
하얼빈,간만에 만장일치로 빵점이다.ㅠㅠ
하얼빈,불을 들고 앞으로 나아가야한다!!마지막 울림이 미치네요!!영상 음악 사운드 등 오랜만에 극장에 어울리는 영화입니다!! 필관람!!
하얼빈,"지금 막 보고나왔는데, 이거 별점 한개주는놈들 죄다 댓글알바들임. 진짜 배우들 연기 하나같이 미쳤고, 쓸데없는얘기 하나도없이 긴장감이랑 빠른전개가 장난아니다. 2시간이 순삭됨. 재관람 무조건 할예정"
하얼빈,영웅의 이미지에 압도돼 간과됐던 인간적 고뇌에 첩보물의 외피를 둘러
하얼빈,연기력은 좋았으나 내용이 아주 지루하기짝이없는 졸작특별한 내용없이 그냥 하얼빈가서 총쐇다 끝임
하얼빈,말타고 탄약구하러 가는 장면은 스케일이 크긴 했으나 꼭 필요했던 장면은 아닌것 같다.개인적으로 스토리는 ‘암살’이 훨씬 더 탄탄하고 흥미진진..배우들이 고생하며 촬영한 노력은 느껴지지만 감동은 약하다..
하얼빈,그들에게도 당연한 선택은 아니였다.
하얼빈,최근 극장에서 본 영화 중 가장 완성도가 높았던 영화. 지금 우리가 이 땅에 살 수 있게 해준 그들에게 감사하며..!
하얼빈,"재미도 감동도 없는... 내셔널지오그래픽같은 풍경장면, 몇몇명품조연연기 빼고 / 각본, 캐릭터설정, 연출의 총체적 부실 / 각본이 안되니 각 배우들이 연기포인트설정을 못잡고 합이 안맞음,  배우지명도, 뮤직비디오같은풍경샷, 과도한 배경음악으로는 안타깝게도 안 메꾸워짐 / 그리고 우감독님은 본인이 직접 각본 쓴거는 성공률이 낮던데 그만 작가욕심 내려놓으시고 연출에 집중 또는 영화제작후배들 지원하는것으로 역할수정에 진지하게 고민하심이 어떠실지"
파묘,허기진 혼과 정의 배를 채우는 음양오행의 씻김굿
파묘,"점점 세게. <파묘>의 장단이다. 스산한 기운을 불어넣는 초반부, 미스터리의 반격을 전하는 중반부, 휘몰아치는 후반부까지 더없이 과감하다. 감독의 전작 <검은 사제들>과 <사바하>가 끝내 미지로 남겨두기를 택한 영역이 있었다면, 이 영화는 ‘무덤을 파낸다'는 뜻의 제목만큼이나 성큼 들어가 뿌리를 탐색하고 미지의 땅을 기어이 파낸다. 그 끝에 닿은 상상력은 예상 밖의 당혹스러운 면이 조금은 있으나, 가장 한국적인 색을 입은 오컬트의 결과로 가닿으려던 결과로 충분히 납득된다. 아닌 게 아니라 풍수사와 장의사 그리고 무당 캐릭터까지 가세해 만들어내는 영화적 기세는 실로 대단하다."
파묘,조상 묘 잘못 써 이장하다가 급발진 한일전 유도 느낌. 태어나서 본 영화중 내 의지로 엔딩 크레딧 안 본 영화는 처음이네요.
파묘,평점 말도 안된다 빨리 낮춰라ㅋㅋ 초반은 괜찮은데 그 이후로 너무 노잼이라 어이가 없을 정도다
파묘,이런게 700만이라니 ㅋㅋㅋ돈아깝다
파묘,갑자기 귀신도 아니고 이상한 장군님은 뭥미 ..ㅋ
파묘,시대착오와 비약을 두려워하지 않는 야바위꾼의 황당한 괴담. 너무 마음에 들어
파묘,"난폭, 변덕, 애국의 삽질"
파묘,단순한 공포 영화가 아닙니다…!
파묘,극장에서 떠들고 휴대폰 불빛쏘는 것들을 저 묫자리에 파묻고 싶다
파묘,연기는 잘하는데 일본산 도깨비는 선넘었지
파묘,사무라이 형님 등장 후 영화는 한없이 산으로 올라간다...
파묘,"시작부터 마무리까지 군더더기 없이 깔끔하다. 한국 오컬트 장르를 진화시켜 온 장재현 감독은 대중을 휘어잡는 이야기로 기대를 만족시키면서 중반부턴 예상을 뛰어넘는 새로움을 시도한다. 이번엔 풍수지리, 무당, 굿 등 한국 무속신앙에 일본 토속 정령신앙까지 뻗어나가 전작들보다 더 한국적이고 큰 그림을 완성한다. 인상적인 장면들이 수두룩하다. 영화를 보면 최민식의 출연에 고개가 절로 끄덕여지고, 김고은의 연기에 압도당한다. 유해진의 자연스러움과 이도현의 에너지도 좋은 파장을 일으킨다. 배우들의 팀플레이가 워낙 좋아 속편이 나왔으면 좋겠다. 장재현 감독이 다음엔 어떤 작품을 들고 올지 몹시도 기다려진다."
파묘,존잼이다 오컬트 영환데 ㄹㅇ힙함 파묘 보고 김고은과 이도현을 사랑하게 됨ㅠㅠ
파묘,한일전 보려고 극장 온거 아니다.
파묘,”잘 알거야 영화하나 잘 못 고르면 기분이 얼마나 드러운지“
파묘,거듭 짓눌린 민족의 정기와 핏줄을 흩뿌리는 종교 인류학적인 굿판
파묘,죽어서도 끊나지 않은 영혼의 한일전
파묘,토속 신앙 느낌으로 진행하다 갑자기 판타지.....
파묘,스토리도 허리가 끊기듯나도 평점 허리를 끊을것이다
파묘,"중간까지 빌드업 잘 하다가 갑분 괴수물로 돌변, 최민식 갑자기 애국자 모드 개웃김. 진심 배우들 연기 아니었으면 개쉽망 OO 각본. 이딴게 오컬트? 짱재야. 오컬트가 뭔지 모르겠거든 곡성을 보고, 유전을 봐라. 이 감독 각본은 진심 답이 없다. 배우들에게 진심 고맙다고 절 백번해라. 그리고 오컬트 소질도 없는데 오컬트 장인이니 뭐니 껄떡대지 말고 다른 장르 알아 보던가, 걍 감독 그만 두던가 하자."
파묘,김고은 연기 진짜 완벽함
파묘,미신과 사기 따위는 안중에도 없는 진짜 전문가 영화
파묘,"초중반의 꽤 높은몰입도, 후반으로 갈 수록 산으로 가는 전개"
파묘,배우들 연기가 진짜 미쳤음!! 특히 김고은 연기... 와 선배 배우들이 왜 칭찬했는지 알거 같음
파묘,사무라이 형님 등장하시기 전까진 재밌었음..
파묘,묘에서 굿하는 장면 까지는 재미있는데 뒤로갈수록 머야 이거 진격에 거인이야?!  했음
파묘,"잘 만든 장르영화가, 품은 뜻도 훌륭하다"
파묘,"오컬트 장르에 ‘말뚝’ 박고 달려온 장재현 감독의 ‘뚝심’, 깔린 ‘멍석’ 위에서 ‘살풀이’하듯 존재감을 찍어내는 배우들 연기, 감각 좋은 편집과 음향 등 흡입력 있는 여러 요소가 ‘조화’를 이루며 제 몫을 해내는 작품이다. 전반부를 견인하는 악령의 스산함과 후반부를 장악하는 ‘험한 존재’의 분위기 온도 차이로 인해 긴장의 ‘맥’이 잠시 끊기기는 하지만, 민족의 한(恨)이라는 감정이 촘촘하게 스며들어 ‘부적’ 역할을 해낸다. 한국 영화의 전반적인 만듦새가 하향 평준화되고 있는 상황에서 만난 작품이라 더욱 반갑게 느껴진다."
듄2,타락의 조짐과 더불어 밝아오는 혁명의 여명. 그 뒤켠에 어린 사랑의 잔영으로서 남은 한 조각 가능성.
듄2,더 할말은 없다. 파트3 기다리자..역대급 대작 시리즈...
듄2,아이맥스 n차관람해야지. 비싼 아이맥스 영화값이 아깝지 않은 영화.
듄2,Dune: Part Two | 2024 리산알가입! 리산알가입!
듄2,올해 최고의 영화인것 같다
듄2,반지의제왕 정도의 걸작을 극장에서 다시 보려면 재개봉만이 답이라고 생각했는데..그 영광에 도전할만 하다.이건 진짜 반지의 제왕 급이다
듄2,그냥...보세요... 장엄 웅장 소름 그 자체. 3시간 가까운 시간이 높은 몰입도로 순삭됩니다.. 아라키스의 모래바람을 가열차게 뚫고 온 느낌.. 듄2는 집에서 보기엔 너무 아까운 영화이니 꼭 사운드 좋은 극장에서 보시길 추천드립니다.
듄2,3부가 2027년? 이거 너무 한거 아니냐?
듄2,역사에 남을 영화임이 분명함.. 듄1도 최고였는데 이 조차도 시작에 불과했다니 듄2는 정말 레전드다..
인사이드아웃2,옆에 애기들은 재밌게 보는데 나는 눈물이 났다.
인사이드아웃2,이제야 나의 불안을 사랑할 수 있을 것 같다.
인사이드아웃2,보면서 사춘기때 했던 뻘짓이 떠올라서 수치스러웠어요..
인사이드아웃2,"감정의 시각화, ""불안""의 모습이 소용돌이 칠 때 진심으로 감탄했다.한편, 살면서 좋은 순간만 볼 수 없다, 실수한 순간 역시 나의 순간이기에 모든 순간이 모여 지금의 내가 된 것이다. ""행복""은 잊고 싶은 기억을 멀리 보냈지만, 기억을 멀리 보낼 뿐이지 ..."
인사이드아웃2,내 머리 속 불안이한테 차 한잔 좀 건네줘야 할 듯
인사이드아웃2,우린 너희를 있는 그대로 사랑해
인사이드아웃2,불안이를 꼬옥 안아주고싶다…ㅠ
인사이드아웃2,감정에는 선과 악이 존재하지 않는다.
인사이드아웃2,오늘의 나에게.. 기쁨아 조금만 더 힘을 내줘.
인사이드아웃2,좋은 사람일 필요 없다. 부족하다고 생각할 필요도 없다. 삶의 모든 경험이 다 '너'를 이룬다.
인사이드아웃2,'보여지는 나'를 고민하기 보다는 '나로써 보여지길'!
인사이드아웃2,이 시리즈 계속 가면 좋겠다 라일리가 성인이 될 때 회사를 다닐 때 결혼을 할 때 아이를 낳았을 때 등등 너무 공감되고 너무 위로가 된다
인사이드아웃2,늘 불안에 시달리는 사람인데 중반까진 너무 괴롭고 힘들었음... 근데 마지막에 눈물 콸콸 ㅜㅜ 참 위로가 되는 영화
인사이드아웃2,이렇게 사랑스럽고 감동있는 애니메이션 넘넘 좋음ㅠㅠ 라일리의 변화된 감정들이 너무 공감되고 다시 보고 싶은 영화
인사이드아웃2,인간의 감정을 캐릭터화 할 수 있다고 누가 상상이나 했을까? 9년 전 픽사가 해냈다... 그리고 올해 또 다시 해냈다... 돌아와줘서 고마워
인사이드아웃2,자주 당황하고 매번 불안해하는 나를 위해 만들어진 영화 같았다ㅠㅠ폭풍오열 ㅠㅠ감정들이 나를 포근히 안아주는 것 같은 따뜻한 마음을 안고 극장을 나오게 됨…
인사이드아웃2,"사춘기 소재로 학생들을 넘어 어른들, 사회초년생이나 뭔가 변화를 줘야할거 같아 전전긍긍하는 어른들에게 말하는 픽사의 이야기. 불안에 찌든 어른들에게 건네는 위로에서 감동을 얻었다. 나를 어떠한 한 감정, 문장으로 정의하기 보다 주어진 감정..."
위키드,기존의 스토리를 비튼 것은 좋았지만 다소 억지스러운 부분들이 있어서 아쉽다. 더구나 작품 특성상 가장 중요한 노래들 중 와닿는 곡들이 없었음.
위키드,감동적이며 노래는 여전히 좋지만 1편에 비해 루즈한건 어쩔 수 없다
위키드,평점이 1편보다 낮아서 기대를 덜 했는데 난 2편이 더 여운이 남고 좋았다 no good deed 너무 멋졌고 for good에서 눈물 줄줄.. 위덕이라면 이 이상 잘 뽑은 영화없다고 생각할듯너무 좋았다…
위키드,1편에서 쌓아올린 서사를 날려먹은 오락가락 연출
위키드,너무 기대했나봐요 좀 아쉽네요딱히 좋은 오스트도없고 그저그랬습니다
위키드,"급발진으로 뭉게버린 서사, 잘라먹은 당위성, 임팩트없이 시종일관 뜬금없고 음침하게 가라앉는다. 모든역량은 1편에 집중되고 찌꺼기만 표류한다. 백설공주를 떠오르게 하는 악몽의 데자뷔."
위키드,1에서 칼 뽑아 놓고 도로 집어 넣음...
위키드,"사랑과 전쟁, 부부의 세계, 펜트하우스 그리고 친구와의 우정도 챙기고;;;"
위키드,평점에 속을뻔했다... 두번보세요
위키드,'오프닝 시퀀스 넘나 좋았는데...'2.0/5.0 없는 이야기를 억지러 지어낸 것이 아님에도단순한 메시지를 여러 입을 거쳐 비비 꼬아 풀어 내니어른말을 하는 어린이한테 인생설교를 들은 기분두 사람의 우정에 좀 더 집중 했다면 어쌨을까...그 와중에 엔딩...
위키드,위키드 1을 지겹도록 보고 듣고 1년을 기다려서 그런가 개연성은 별로 신경 안쓰이고 그냥 새로운 모습의 엘파바 글린다가 나온다는 것 자체로도 너무 행복하고 재밌었어요. 재관람 하고싶은 인생영화입니다 !!
위키드,"1편 후반에 엘파바가 부른 곡같은 감동적인 노래가 없어서 조금 아쉬웠지만, 그래도 재밌게 잘 봤습니다러닝타임이 좀 길어서 중간중간 좀 졸면서 봤어요"
위키드,스토리와 감정선을 따라가기가 다소 힘드네요...
위키드,위키드 2 - 평점보고 망설이지 마시고 꼭 넓은 영화관 스크린으로 보세요. 사운드가 좋은 곳이면 더 좋구요!
위키드,위키드 덕후로서 말하자면 원작에 비해 개ㅐ잘만든 영화라고 느꼈습니다.초반에 조금 루즈하긴 하지만 영상미가 너무 좋아요.뮤지컬 2부에서 진짜 띠용스러웠던 개연성을 열심히 커버하려고 애쓴게 보였음..위키드 1을 완전히 다 기억하지 못한다면 유...
위키드,""" 네가 선한 존재로 남기 위해서는 악역은 필요하니까 """
위키드,1에 디파잉이 있었다면 2에는 노굿디드가 있다
위키드,아우! 여동생 잘못되면 언니 탓 하는거 볼때마다 빡침. 초반에 좀 지루하지만 볼만해
위키드,"색감이 알록달록 쨍하니 예쁨 도로시는 구두와 그림자만 나오는 게 좋은 연출이었던 것 같다 위키드는 엘파바와 글린다의 이야기라는 것 같은,,,다 보고 나니 확실한 마무리가 있어서 동화를 한 권 읽은 것 같은 개운함이 있었음!"
위키드,작년에 1편 3번 보고 1년 내내 OST 들으면서 기다림..ㅠㅠㅠㅠ 너무 좋아요
위키드,너무 재밌게 보고 나옴 오즈의 마법사 내용을 모르고 가면 당황스러울 수도 있을 것 같아서 대충 찾아보고 가는 걸 추천합니다. 감독님부터 배우들 모두 위키드 덕후들이라 그런지 곱씹고 찾아볼수록 더 매력있는 웰메이드 뮤지컬 영화라고 생각합니다.
위키드,"곡을 제외한 서사와 드라마타이징과 설득 모두에 실패한 아쉬운 용두사미 작품인 원작 위키드 뮤지컬의 아류작 그 이상 그 이하도 아님... 위키드를 알고 위키드 팬인 사람들을 위한 헌사 포인트들은 너무 좋았는데, 공연에서의 아쉬움을 그대로 가져 ..."
위키드,"따라가야 하는 원작 스토리라인이 있다보니 1편보다는 아쉬웠음. 전체적인 흐름이 갈등과 봉합의 반복인데, 너무 쉽게쉽게 이뤄지며 계속 반복되다보니 다소 지루하게 느껴짐. 뭔가 대단한 균열, 전투가 있을것처럼 하는데 기대했던 스케일에 미치지 못..."
위키드,오즈의 마법사 이야기 알아야 재미있음 현실세계 풍자 제대로 함영상미좋음왜 7점대인지 모르것네
위키드,F들의 파티에 초대되어 개연성따위 그냥 느낌으로 느껴버림
위키드,돌포랑 오티는 이쁜데.. 영화는..
위키드,아름다운 뮤지컬 영화 2부작의 완벽한 마무리
위키드,뮤지컬영화가 노래도 별로고 스토리는 k막장 아침드라마 수준이고 개지루함
위키드,그들의 감정선을 따라갈 수가 없다.
위키드,"누군가에겐 아쉬울지라도 나에겐 이 영화를 보는 모든 순간이 최고의 순간이었음을장면 하나하나에 원작에 대한 존경과 사랑, 팬들과 작품에 대한 고민과 노력이 다 느껴졌습니다감사합니다"
위키드,엘피 ㅠㅠ 다잃고 남자 얻음 글린다 사랑.우정 잃고 명예 얻음
위키드,언제 끝나나 했는데 갑자기 끝남
위키드,두 마녀의 마법 같은 우정 이야기
위키드,완벽한 프리퀄. 원작에 대한 존경을 담아
위키드,아... 밍숭맹숭탕 먹는거같애 영화 컬러가 회피형임
위키드,하.... 감동 ㅠ네가 없었다면 지금의 난 내가 될수 있었을까?나도 살아 오면서 만난 좋았던 인연 싫었던 인연들이 지금의 나라는 사람을 만들게 한게아닐까?!!철학적 성찰을 하게 하는 이야기다1년 기다리길 잘했당
하얼빈,"조우진의 연기가 최고였음.. 그의 처절한 연기가 너무 현실적이라 감탄했고, 동시에 마음이 아팠다. 역사를 알면서도 해피엔딩을 바랐지만.. 이로부터 35년 뒤 광복을 맞이했다는 문구에 가슴이 한번 더 무거워졌다. 그 오랜 시간 고통 받았을, 그리고 맞..."
하얼빈,안중근 의사와 주인공과 어울리지 않았다. 영화 클라이맥스가 의아 할 정도로 가볍게 지나가 버렸다.
하얼빈,영상미 좋지만스토리 진행이 재미없긴함
하얼빈,"2024년 12월, 선조들에게 빚을 진 백성에게 [국난이 일었으니 또다시 이상한 힘을 발휘하라]고 날아온 전언 같기도."
하얼빈,안중근 의사께서 의거하기 까지의 스토리를 덩케르크나 1917같이 진중하고 리얼리티하게 담아낸 영화입니다. 신파를 혐오하는 사람으로써 대만족!!
하얼빈,믿보 스타배우들과 연기력때문에 봤으나 연출이 좀 루즈했어요. 중간에 졸음.. ㅜㅜ 그냥 현빈나오니까/안중근 이야기니까/예약1위영화니까 라는 이유로 예매하고 봤지만 뭔가 아쉬움…긴장감있고 임팩트있는 연출은 아님. 기대한만큼은 아니었..
하얼빈,"안중근 영화에 안중근 이야기가 없다. 다큐도 액션물도 아니다. 안중근이라는 역사적 소재, 좋은 배우, 심지어 흥행할 수 있는 시국 활용마저도 못한 영화. 안중근의 고뇌나 사상을 설득력있게 그렸다면 참 좋았을..조우진 배우님의 연기가 멱살잡고 끌고 ..."
하얼빈,독립 투사들의 용기있는 헌신으로 진한 여운과 큰 울림을 깊고 가장 뜨겁게 안긴 영화!
하얼빈,독립운동가 분들에게 진 빚이 참 많습니다 영원히 갚지 못할 빚입니다
하얼빈,“어둠은 짙어 오고 바람은 더욱 세차게 불어올 것이다. 불을 밝혀야 한다. 사람들이 모일 것이다. 사람들이 모이면 우리는 불을 들고 함께 어둠 속을 걸어갈 것이다.”
파묘,벌써부터차기작을 기대하게만든다. 메니아층이있는 오컬트물을 대중영화까지 끌어올릴수있는 유일한감독인거같다.
파묘,번호판의 1945 와 0815는 의도 하신거겠죠?앞으로 오컬트 외길 쭉 걸어주세요
파묘,갑자기 구척장신 일본무사로 주인공이 바뀜
파묘,이게 뭔가요...중간부터 이게 뭔가요.
파묘,역시 믿고 보는 한국영화계에서 몇 안되는 K-오컬트 영화계의 장인! 믿고 보는 K-오컬트 영화계의 장인이 선사하는 가장 압도적이고 미친 앙상블!
파묘,영화룰 반으로 잘라서 평가하면 전반부는 정말 잘 만들었는데 후반부는 실망스럽다 다만 그래서 후반을 어떻게 해야 하냐고 물어본다면 흠 더 나은 방법이 있을까 싶다
파묘,왜.. 후반부 진격의 거인같은 일본 장수 귀신이...하... 와닿지도 않고 무섭지도 않음. 초반에 할배귀신이 더무섭.
파묘,이렇게 평점이 높다고? 제가 이상한건가요...?ㅠㅠ 저는 어이없어서 피식피식 웃으면서 봤습니다 ㅎㅎ
듄2,한국영화를 폄하하는건 아니지만 이런 영화랑 한국영화 관람료가 같다는건 너무하네
듄2,극장 나오면서 모래 털고 나오세요. 리산 알 가입!ㅋㅋㅋㅋ
듄2,폴의 행복했던 시절은 찰나였구나... 메시아로서의 고되고 힘든 나날만이 남아있음을....
듄2,ott로 쉽게 영화보는 세상에서굳이 영화관으로 가서 영화를 봐야하는 이유는이런영화들 때문이 아닐까
듄2,듄 좋아요 듄 좋아요 듄 좋아요
듄2,듄3 어떻게 기다려야할지 나오자마자 그 걱정. 진짜 상상 이상의 어마어마한 대작입니다.
듄2,3편이 아닌 5편은 제작했어야 할 영화.너무 중간중간 싹 둑 잘라 넘기는 듯하여 아쉽다.
듄2,파묘보다 1000배 재밌음 아맥추천
듄2,이건 영화가 아님.. 어떤 우주에서 벌어진 역사를 영상으로써 관람하는 것..
듄2,1편보다 웅장해진 스페이스오페라
듄2,듄친자는 객관적 평을 할 수 없다. 그저 마스터피스
듄2,2024년 영화 중 G.O.A.T 진짜 미쳤다. 돌비관이나 아이맥스관에서 걸려있을때 꼭 보세요
듄2,한장면 한장면마다 입틀막하고봄 진짜 미쳤다 내가 본 영화 중에 최고의 예술이었다 티모시 연기에 압도당함
듄2,2000억 투자할 가치가 있는 영화 너무잼나요
듄2,10점 만점에 10점!
듄2,모래속에 빠져들듯이 영화속으로 빠져든다.
듄2,"중세 + SF 판타지.. 제가 취향에 맞아서일수도 있지만 진짜 미쳤습니다 ㅠㅠ 반지의제왕 시리즈를 봤을때처럼 정말 미쳤습니다.. 상영시간 긴거는 생각도 안나요.. 더 보고싶다는 생각이 더 들었습니다.. 스토리 풀어내는 감독의 능력도 엄청나고, 세계관도..."
듄2,디스크환자도 보는 영화
듄2,재밌습니다. 오랜만에 영화관에서 집중해서 봤네요
듄2,장엄합니다....꿀쨈
듄2,덩발 웅장합니다 ….ㄷㄷㄷㄷ
듄2,말로 표현하기 힘든 걸작이다
듄2,지독히도 재밌구나 잔인하고 애절하네.
듄2,용아맥 듄2 드리블 누가 막을건데?
듄2,1편의 폴의 서사를 안다면 납득이 갈 수 밖에 없는 엄청난 카타르시스. 모든 게 희망처럼 보이는 와중에 비추는 한 줄기 어둠과 3편에 대한 기대감까지. 정말 완벽했던 영화였습니다!!
듄2,이 영화는 꼭 용아맥에서 보세요
듄2,"거대한 화면, 거대한 스케일, 거대한 영화적 체험"
듄2,긴 시간인데 몰입도가 높아서 길다는 느낌이 안들고 정말 재미있었습니다 여운이 길게 남네요
듄2,죽는날까지 너만 사랑한다고 하지만어쩔수 없는 운명이라지만...챠니가 너무 안스러움 ㅠㅠ
듄2,전율 그 자체... 이거지...
듄2,드니 빌뇌브 현시점 세계 1등이라고 생각해요
듄2,연출 연기 스토리 영상미 배경음 모두 완벽
듄2,영상미 정말 최고입니다. 꼭 극장에서 보세요!
듄2,듄 3보려면 건강해야할거같아서 운동시작합니다
듄2,걸려있을때 많이 봐야됨
듄2,영화가 끝나도 흙냄새가 나는듯 했다)
듄2,그냥 최고. 모든 분야의 마스터들이 모여서 만든 걸작. 무조건 또 보고 싶은 작품. 만들어줘서 감사하다ㅠㅠ
듄2,미쳤다는 말밖엔...
듄2,최고... 해리포터를 봤을때의 충격같음
듄2,와 진짜 시간가는줄 모르고 봤다. 명품 SF 종합선물세트. 근데 파트3가 또 있다고? 대박
듄2,나중에 후회하지 말고 영회관에서 꼭 봐라진심으로.. 이런영화는 다시 없을듯 ㅠㅠ
듄2,압도적인 스케일이 좋았다. 이런 영화는 영화관에서 봐야됨.
듄2,마지막 전투씬은 남자를 미치게한다
듄2,추천추천! 이 영화는 무조건 영화관에서 봐야합ㄴ당
듄2,원작의 스토리 자체 버프도 있지만 영화가 그 기대감을 온전하고 당연하게 충족시켜주는 게 놀랍다. 아직 파트2지만 이미 걸작으로 완성되어있는 시리즈를 하나하나 공개만 하는 느낌. 안 보면 인생 손해보는 영화
듄2,티모시 ㅠㅠ연기미쳤다
듄2,"1편보다 배는 재밌게봄, 연출,영상미,ost,연기 빠질게 없음."
듄2,화려한 3시간의 흐름.
듄2,1-2점 준 멍멍이들은 1편을 안보고 남들이 보니까 본사람들 어쩜 이리 완벽한 영화를 1점을 먹인단 말인가
듄2,솔직히 2위는 아니죠 최오네요
듄2,100점 100점 100점
듄2,드니 빌뇌브 영화는 이제 믿고 본다
듄2,기대를 완벽히 충족시킴
듄2,아이맥스로 보세요 영상미 미쳤습니다 거대한 지렁이를 볼수있어요!!
듄2,잊지 마 내가 살아 숨 쉬는 한 널 사랑할 거라는 걸
듄2,처음써보는데.... 인생영화댜
듄2,이걸 시각 청각으로 간접체험을 할수있다니 놀라울 따름이다
듄2,퍼스널 컬러 듄을 장착한 티모시의 얼굴은 극장에서 크게 봐야 제맛인 듯. 아이맥스에서 본다면 금상첨화!
듄2,"눈뽕, 귀뽕에 3시간이 순삭되네요. 1편 사전 시청 필수"
듄2,돌+I 소시오패스 페이드 로타 사랑해
듄2,마치 사막에 있는듯한 기분
듄2,원작의 방대한 양을 이렇게 깔끔하게 표현할 수 있었을까..영상미부터 OST등 모든 면이 거의 완벽하다
듄2,드니 빌네브 니가 최고다.
듄2,대작입니다 영화관과서 꼭보긔
듄2,예전에 엔드게임을 기다리던 때보다 더 길고 고통스러웠다. 그 기다린 값어치를 톡톡히 했다.
듄2,혁명의 뜨거운 모래 폭풍을 헤치고 도달한 곳은 차가운 왕좌. 종교와 정치가 '만들어낸' 초인적 예언자 귀족의 칼 끝은 끝내 '어디를 가르킬 것 일까'. 프레멘의 옷을 입고 공작처럼 대결하는 모습은 기이하다. 그래서 더욱 카리스마 뒤 유약한 소년의 눈빛...
듄2,그냥 보세요..웅장하지는 영상+음악
듄2,스토리는 축약되다 보니 다 이해하기 쉽지 않지만영상미와 사운드 그것만으로 돈이 아깝지 않다.
듄2,"단연코 2024 최고의 영화! 화려한 영상과 웅장함, 연출, 연기, 몰입감 모두 만족스러웠고, 반지의 제왕을 극장에서 처음 봤을 때의 감동을 느낄 수 있어 좋았어요~ 극장에서 보시길 강력 추천드립니다~"
듄2,티모시 연기나 미모가 절정이라 좋다 역시 이영화는 용아맥에서 봐야 더 감동임 파트3를 빨리 보고싶다
듄2,리산 알 가입! 리산 알 가입! 리산 알 가입!
듄2,처음부터 끝까지 숨막히게 아름다움
듄2,진짜 아이맥스로 보세요 진짜 후회없어요 최고에요
듄2,이게 영화지 ㅋㅋㅋㅋ이래서 영화관을 없애면 안된다 파트3만 기다린다
듄2,우리도 ㅂ싄같은 정치 범죄 느와르 좀 그만 만들고 각잡고 이런거 만들면 안되냐;
듄2,와 너무 잼있음 영상미 스토리 굳굳
듄2,끝나는게 아쉬워서 시간 체크 수시로 한 영화는 이게 처음이다
듄2,시네마의 가치를 다시 한번 장엄하게 입증하는 영화
듄2,"극장용 영화란 이런것이다. 그걸 보여주는 영화. 영상, 음향 모두 만족스럽고 스토리도 재미있었습니다."
듄2,영화듄 빨리 다음편 나왔으면
듄2,울뻔했다 진짜. 스토리 모르고 가도 감동받을거 같음영상미 음악에 놀랐는데 진짜 매끄럽게 흘러가는 스토리 연출이 너무 세련되고 감탄스러웠음1편도 좋았는데 2편이 더 좋았다아름답고 웅장하고 고전적이고 숭고하다
듄2,대OTT시대에 극장에서 봐야할 영화
듄2,"인생영화 갱신, 당분간 이보다 더 재밌는 영화는 없을 듯."
듄2,1편을 처음 봤을 때의 충격만큼은 아니었지만 엄청난 스케일 덕분에 눈이 즐거웠다. 듄 파트2는 왕좌를 위한 폴의 여정 중 초반 파트들을 이어주는 징검다리같은 느낌이었다.딱히 특별한 스토리가 있었던 건 아니지만 이후 시리즈들을 위한 발판을 차...
듄2,꼭 봐라 진짜 리뷰는 처음 쓴다
듄2,압도적 영상미와 음악.. 이것이 명작
듄2,티모시 연기가 굉장히 좋았고 영상빨도 좋도 ost는 최고 용아맥에서 눈호강하고 돌비관에서 귀호강하고 옴 강추
듄2,간만에 영화다운 영화를 본것같네.
듄2,스크린으로 만날 수 있어 감사한 영화
듄2,압도적인 스케일에 정말 보는 맛이 나는 영화였다
듄2,우리 솔직히 이런 영화 원했잖아
듄2,아이맥스에서 안 본 것이 후회됨아이맥스에서 다시 볼 거임모든 것이 완벽하다
듄2,이것이 웅장함이다 용아맥에서 관람하니 너무 좋았다
듄2,감탄 나오면서 봤습니다
듄2,정말 꼭.꼭.꼭. 봐야하는 영화 이렇게 영화를 보면서 오만 5000번 소름끼치는 영화는 처음이다 일분일초가 딴짓을 못 할 만큼 정말 집중력도 강하고 스케일도 또한 정말 멋진 영화다 영화 끝나고 박수칠 뻔 했다 정말 멋있는 영화다
듄2,"진짜 미친 영화임.감동 그자체, 영화관 필수(아이맥스면 최고), 듄1보다 10배 이상 재밌음, 듄3는 2027년 개봉이라는데 언제기다리지 그때 내나이40. 너무 길었지만 지루할 틈이 없었다 최고"
듄2,영화관의 존재 이유. 3도 얼른…!
듄2,영화계에 다시 한 번 획을 긋는 SF 시리즈물의 등장
듄2,"기다린 보람이 있네요. 스토리, 영상미, 음악까지 모두 훌륭하고, 후속편이 매우 기다려집니다^^"
듄2,장엄한 우주 대서사시는 이제 시작일 뿐...
듄2,와...지렸다 그냥...대박쓰
듄2,영상과 사운드에 압도되는 느낌
듄2,아주 웅장하고 영상미가 넘쳐흐르네요
듄2,멋진영화 두번째 예매합니다.
듄2,내돈내산9.5/10모든배우의 연기력+연출+스토리전달력완벽함0.5는 겸손으로 뺌듄 파트3언제나오나..
듄2,큰 화면에서 봐야하는 영화예요
듄2,듄을 경험하지 못한 사람들이 안타까울 정도로 듄2가 너무 재밌음 연출 영상미 스토리 배우들의 연기 다 완벽함
듄2,웅장 .. 그 자체 .. 무조건 아맥으로 보세요 ㅠㅠ 모래 알갱이 다 보임 ..
듄2,파트3 언제 기다리나요... 재밌어요
듄2,단순히 티모시에 낚여 듄1을 보고 나서는 듄알못에서 듄친자로 거듭나 몇년을 기다린 영화. 많은 기대를 하며 울산삼산아이맥스관에 첨 보게 됐는데 아..이건 그냥.. 미쳤구나!!!영화관에서 몰입하여 생생히 체험해 보지 않고서는 느낄 수 없는 감동입...
듄2,믿고보는 티모시 듄 1보다 더 여운이 남아요
듄2,듄1을 보고 듄2를 봐라.반지원정대도 안보고 두개의 탑부터 보면 내용을 아냐?
듄2,"그냥 미친 영화라고 보면 됨. 연출, 연기, 스토리, 영상미, 음악 다 미쳤음. 인간의 작품 그 이상임. 첫 관람때 너무 충격이여서 내 눈을 의심하고 이 영화를 볼 수 있는 현실에 감사함을 느꼈음. 이미 4DX랑 용아맥까지 3회차 예약 끝남. 이건 무조건 영화관..."
듄2,상상할 수 있는 그 이상이 기다리는 모래 언덕 너머
듄2,우주 스케일로 종교적 안티테제를 훌륭하게 구현한 명작
듄2,리산알가입 리산알가입
듄2,티모시 연기랑 발성 미쳤음
듄2,"메시아의 탄생인가, 타락의 시작점인가"
듄2,시간가는줄 모르고 봤다. 확실히 재밌긴 함. 근데 과식한 것 같은 기분... 3시간에 다 넣기엔 살짝 과한감이 있는듯. 분명 맛있게 먹었는데 무슨맛인지 음미하면서 먹은건 아닌 느낌.... 묘하게 허술한 게 느껴진다. + 취소합니다. 이렇게 느끼신분들 당장 2...
듄2,말이 필요없고 그냥 보면 됩니다
듄2,그저 리산 알 가입!! 쩐다
듄2,슬픈장면이없는데 자꾸 눈물이 난다. 걸작이다
듄2,태어나서 처음 남겨본다.. 진짜 재밌다.반지의 제왕?? 사실 더 재밌다..!
듄2,"SF영화이지만 일종의 종교영화를 본 기분이다. 그리고 무조건 선역으로 그려낸거 같지도 않다.전편보다 시각적, 청각적으로 많이 공을 들인거 같다. 스토리(원작)의 구멍을 감독의 장점으로 잘 메워낸거 같다."
듄2,위대한 성전의 시작을 알리는 영화
듄2,극장에서 본 영화중 처음으로 2번 본 영화!!두번봐도 재밌다...아...티모시
듄2,"Ott 저급영화에 질려가는 즈음, 단비같은 영화 티모시 연기도 좋고 음향도 좋음."
듄2,보는 내내 너무 황홀했어요....ㅠㅠㅠ
듄2,티모시 샬라메가 저런 카리스마가 있다니. 연기도 잘해 그와는 별개로 눈으로 보는재미도 있어서 아이맥스 같은 특별관에서 볼걸하는 후회도 듬.
듄2,이런게 블록버스터입니다
듄2,이런영화는 10점줘야지
듄2,내 인생 최고의 시네마 경험. SF계의 세기의 걸작으로 남을 것이다
듄2,화면과 사운드에 압도되는 웅장함
듄2,"뭐, 말이 필요없어요. 꼭 극장에서 보세요. 아이맥스, 4dx 로 다시 보세요. 와….."
듄2,듄은 듄이다. Dune으로 불리었다 할 때 소름 쫙-!
듄2,미친스케일 OOO기력 대박이었습니다. 3년만 기절시켜주실분
듄2,"코스프레 소꿉장난이 되어버린 블록버스터 영화계에 불어닥친, 모든 것을 집어삼킬만한 모래폭풍."
듄2,기회가 된다면 아이맥스로 한번 보세요 장난 아닙니다 용아맥이면 최고
듄2,방금 리산 알 정회원으로 가입하고 왔음
듄2,한국영화 어떻게든 위상 높이려고 상영관에 듄2보다 파묘가 2배이상 많은게 웃기네영화계쪽 사람들은 영화관에 사람 줄어드는 이유를 모르지? 맨날 한국영화만 걸어두고 장사안된다고 찡찡거려라
듄2,여태 살면서 영화표값이 싸다고 처음 생각해봤습니다. 이런 건 영화가 아니라 작품이라고 지칭하는게 맞는듯. N차 관람해도 아깝지 않은 작품
듄2,최근 본 영화중 최고입니다.
듄2,세번봐도 감동이 볼때마다 새로운게 보인다 듄을 보면 세계가 보인다꼭봐야할 걸작
듄2,20세기 스페이스 오페라의 전성기 시작은 스타워즈였다면21세기 스페이스 오페라의 전성기 시작은 듄이 될 것 같다
듄2,페이드 로타의 얼굴만으로도 10점입니다. 페이드 로타 얼굴 감상하러 아이맥스 2회차 뛰러갑니다.
듄2,미쳤음 꼭 극장가서 봐야됨
듄2,우주에서 펼쳐지는 셰익스피어. 아름답고 장엄하며 눈을 뗄 수 없음. 영화 보는 내내 영화가 끝나지 않았으면 좋겠다고 생각함.
듄2,"듄 파트2 재밌었어요. 영상미, 사운드, 배우 연기 다 좋았습니다."
듄2,태어나서 처음으로 2번 연속 본 영화!! 감동 그이상 !!
듄2,마지막 1시간은 넋 놓고 봤다
듄2,듄은 세계관을 이해하고 봐야 재미가 배로 올라간다
듄2,느린거 같으면서도 지루하진 않았고 속도감은 있는데 그렇게 또 재미가 있진 않았고.. 보긴 잘했다고 생각하는데 애매했습니다.
듄2,1부가 서사 시작의 알림이라면 2부는 통쾌한 사이다 복수극
듄2,나도 리산 알 가입하고 싶다
듄2,미쳤음. 압도 그 자체. 아이맥스 꼭 보시길
듄2,이제 챠니는 어디로 향할까?
듄2,24년올해 최고의 걸작을 만났다 왜 파묘에 사람이 몰릴까 이런 명품을 놔두고~~
듄2,꼭 아이맥스로 봐야 하는 영화
듄2,그냥 미쳤다.ㅡㅡ 티모시의 흡입력과 엄청난 스케일의 압도감이 내 혼을 빨아들이는 느낌이 들었다. 진짜 이런 대작을 영화관에서 직접 볼 수 있어서 영광이었습니다. 시리즈가 언제까지 이어질지는 잘 모르겠지만 이정도라면 모든 시즌을 다 볼 수 있...
듄2,영화보다 오줌 두번 지리긴 처음입니다영상미에 한번지리고화장실 못가서 또 한번지리고..
듄2,이게 바로!!! 영화다!!!!오스틴 버틀러 팬인데..연기가 살벌해요
듄2,30년인생 제일 충격적인 sf영화..기묘하고 기괴하다 명작중에 명작으로 대대로남을듯 리산알가입!무아딥!
듄2,프랭크 허버트도 무덤에서 일어나서 기립박수 칠만한 작품이 탄생했다.
듄2,영화로서는 최고의 수준의 sf
듄2,이건 꼭 아이맥스로 봐야합니다. 웅장함이 이루말할게 없어요.
듄2,지난 2021년 파트1은 이번 2024년 파트2를 위한 빌드업이었다! 파트1보다 압도적으로 더 커진 스케일과 영상미가 두배로 더 전해지는 166분!
듄2,리산 알 가입!! 리산 알 가입!!
듄2,듄에는 언제나 감동이 있다 ㅠㅡㅠ
듄2,"전투씬, 모래벌레가 나오는 씬은 압권이네요 역시 아이맥스에서 봐야해요 한스짐머 음악이 장엄하고 웅장해서 너무 좋네요"
듄2,몇년을 기다리게 하더니 또 몇년을 기다리게 해놓고 간다
듄2,어떤 창작물의 완성도가 일정 수준을 넘어서면 즐거움 이상의 경이로움이 느껴진다.
듄2,"내 한평생 무교로 살았지만, 오늘부터 퀴사츠 헤더락은 믿는다. 리산 알 가입!!"
듄2,근래 본 영화 중 최고의 영화
듄2,극장에서 상영할 때 안 보면 진짜 인생 손해일정도.. 이 정도로 재밌는 영화 손에 꼽아요. 나중에 티비로 보면 왜 그때 영화관에서 안 봤지하고 무조건 후회할 듯
듄2,영화 제발끝나지말길바라면서봄 끝날때 너무 아쉬움 이런영화만들어준 사람들한테 너무 감사하다
듄2,영화의 경지를 아득히 초월해버린 그야말로 예술작품이다 이건..
듄2,표값 10만원이라도 안 아까운극장이 왜 필요한지를 알려주는 영화
듄2,2024 영화계의 리산 알가입
인사이드아웃2,내 자신이 어떤 모습이든 인정하고 사랑하게 만들어주는 96분의 자존감 수업. 이로써 내가 불안해질 때면 다른 감정들이 안아주는 기분이 든다.
인사이드아웃2,현대인들의 눈물 버튼 불안이.. 우리 모두가 겪어본 마음들에 대한 헌사
인사이드아웃2,성장과정을 겪어본 경험이 있는 모두가 위로받을 사랑스러운 라일리 이야기
인사이드아웃2,혹시 이거보고 우신분 있나요??
인사이드아웃2,자존감이 낮은 사람들이 봐야되는 영화 ♡
인사이드아웃2,'이 영화를 우리 아이들에게 바칩니다. 우린 너희를 있는 그대로 사랑해.'
인사이드아웃2,라일리의 여러가지 자아가 솟구칠때 모든 감정들이 그대로를 그저 안아줄때 나의 모든 복잡한 감정들을 나의 모든 모습들을 다 이해해주고 안아주는 것 같아 눈물이 터져나왔다
인사이드아웃2,불안이 계속될때는 말없이 안아줄 것
인사이드아웃2,불안이의 마음이 충분히 이해된다 어찌보면 현대인의 삶도 나타나는 영화 .사춘기 아이와 휘몰아 치는 감정을어떻게 저렇게 표현할수 있을까 ?원이튼 투든... 명작은 띵작이다 최고야 꼭보세요!
인사이드아웃2,"중요한 것은 좋은 기억들만 간직하는 것도, 나쁜 기억들을 배제하는 것도 아닌 나다움을 잃지 않는 것."
인사이드아웃2,불안을 주체할 수 없을 때 제 모습 같았어요.. 위로 받고 갑니다
인사이드아웃2,다음편도 기다려지는 영화 ㅎ 대박나세요
인사이드아웃2,사춘기에 자신의 세계가 확장되면서 거기서 오는 불안을 잘 표현했습니다. 모든 감정들이 라일리를 위해 존재하고 라일리를 가장 사랑한다는 점이 어른에게 큰 위로가 되는 것 같습니다.
인사이드아웃2,"불안이라는 감정에 수반되는 상태와 행동을 빈틈없게 묘사하고, 이 감정을 필연적으로 조우하며 살아가야만 하는 우리의 운명 속, 이를 마주하는 바람직한 자세와 방법을 섬세하게 제시한다."
인사이드아웃2,최근에 본 영화중 제일 재밌다
인사이드아웃2,만 9년 이라는 기다림의 가치가 느껴진 영화. 20대의 내가 이제 어느것 30대가 되어 불안과 행복을 같이 경험하고 있는 지금의 나에게 큰 울림을 주는 영화.
인사이드아웃2,"인간은 늘 불완전 하니까. 하지만 그또한 나니까, 잘 살아보자."
인사이드아웃2,"나이가 들수록 ‘기쁨’보다는 ‘불안’을 더 많이 느끼는 자신을 돌아볼 수 있었다. 한 가지의 문장, 감정으로 날 표현하기 보다 여러 감정, 성격들이 만들어 낸 있는 그대로의 나를 존중하는 게 바람직한 것 같다. 잘 해야겠다는 부담감, 쓸데없는 걱정들을 좀 ..."
인사이드아웃2,전편의 감동을 영리하게이어간다
인사이드아웃2,불안아 걱정하지마 나를 위해줘서 고마워
인사이드아웃2,미워할 수 없는 불안이..! 소용돌이 속 눈빛을 보니 안아주고 싶어졌어요
인사이드아웃2,지금 내앞에 펼쳐지는 일들이 나의 전부인것 같아도 지나고나면 하나의 구슬일뿐인겁니다.좋은것들은 간직하고 나쁜일들은 다 날려버립시다
인사이드아웃2,나도 나의 불안이를 안아주고 싶었다
인사이드아웃2,끝나고 보니 나 포함 양옆 사람들 다 울고 있더라 나를 좀 더 사랑할 수 있게 해주는 영화인듯
인사이드아웃2,"라일리의 감정리더는 기쁨이, 엄마의 감정리더는 슬픔이, 아빠의 감정리더는 버럭이..감정들을 이렇게 캐릭터화해주니 너무 고맙다.아이와 같이 봤는데 아마 내 아이는 엄마가 영화보며 운 이유를 아직은 다 모를것같다..아이들이 봐도 감동적이지만 어..."
인사이드아웃2,불안이 남일같지 않아서 힘들었음 라일리 행복해라
인사이드아웃2,아임어굿맨에서 울고 그게 정답은 아니라는 깨달음에 울고 고1우리딸이 요즘 이런기분일까 공감에 엉엉울고나옴 ㅜ
인사이드아웃2,"애니메이션이 유치하다는 생각은 픽사를 만나기 전일 뿐, 2편은 1편만 못하단 생각으로 가볍게 봤는데..과거의 나, 현재 그리고 미래의 나를 보는 것 같아서 슬픔 또는 환희를 같이 느끼며 울고 웃었던 두 시간 남짓. 사춘기의 라일리가 지금 내 모습이 가..."
인사이드아웃2,"불안하고 흔들리는 모두에게, '당신만 그런게 아니다.'"
인사이드아웃2,나는 부족할때도 잘할때도 착할때도 나쁠때도 있지만 이모든건 나야
인사이드아웃2,"사춘기를 겪은, 사춘기를 겪을 사람들이라면 공감할 그때의 감정"
인사이드아웃2,감사합니다 좋은 영화 잘 봤습니다 ♥
인사이드아웃2,눈물콧물줄줄줄줄주리줄줄 마흔 넘어서 무뎌진줄 알았는데 내 안에도 아직 사춘기의 감정이 남아있었네 어흐어어엉
인사이드아웃2,나이가 드는 인간이라면 모두가 공감할 수 밖에 없는 이야기
인사이드아웃2,인사이드 아웃2 여러가지 감정들 표현을 잘한거 같고 항상 즐거운것만 기억하면서 살수는 없지....여러가지 기억 감정도 나...자신인걸 너무 재미있게 잘봤습니다~!
인사이드아웃2,나의 사춘기를 돌아보게 만드는 영화
인사이드아웃2,평점이 좋아서 기대하고 봤는데 개인적으로는 1편보다 별로 였어요. 결말도 예상대로 흘러가서... 영화관 가서 볼 정도는 아닌 거 같습니다.
인사이드아웃2,2편보려고 1편 다시봄! 이거슨 어린이영화가 아니여 어른영화!!! 다시 레전드 찍었다
인사이드아웃2,젠장 또 픽사야. 나는 숭배를 해야만 해
인사이드아웃2,1편은 결혼한지 일년남짓 되었을때 남편 출장갔을때 심야로 혼자 보았는데 2편은 8살 초등학교 1학년 아들과 같이 보았는데 감회가 새로웠습니다. 좋은기억만 가지고 살수 없고 실패한 경험또한 나에게 필요한것이 분명하다는것을 다시한번 알게되었...
인사이드아웃2,전편에 이어 기쁨이가 라일리와 함께 성장한다는 느낌.결국 내가 원하는 감정들만이 아닌 부정적인 감정일 지라도 불필요한 감정이란 없다는 걸 다시 한번 깨닫게 한 좋은 작품이었다.
인사이드아웃2,쓸모없는 감정 쓸모없는 기억이란 없다
인사이드아웃2,사춘기 라일리는 더 예민하고 다양한 감정을 만나게 된다.그 감정들 사이에서 나 자신의 정체성을 깨닫게 되는 여정이 흥미롭다.사춘기 아이들이 주 타겟이나 어른이들도 충분히 볼만하다.너무 어린 아이들은 관람 비추.
인사이드아웃2,친구들이 너무했다라고 생각한 건 나뿐만은 아니겠지?
인사이드아웃2,성적때문에 라일리가 느낀만큼 불안한 하루였는데 위로가 됐어요
인사이드아웃2,불안이는 결코 미워할수 없는 캐릭터인거 같아요.. 너무 공감되는 캐릭터라 눈물 광광 ㅠㅠ
인사이드아웃2,"1편보다 참신함은 떨어지지만, 이야기 연출 모두 좋았습니다."
인사이드아웃2,앞으로도 불안이가 메인이 되지 않도록 힘내야할거야
인사이드아웃2,나이가 들어서 2편을 보니 새롭네요
인사이드아웃2,내 기쁨도 슬픔도 다 사랑해.
인사이드아웃2,진짜 파우치랑 게임 캐릭터 나올때마다 개웃김
인사이드아웃2,영원히 불안이가 제어판을 지배할 수도 있다는 대사에 섬뜩함을 느꼈다
인사이드아웃2,그 모든 불안과 나쁜 기억들마저 기쁨 안에 뒤섞이기를
인사이드아웃2,지금 우리에게 필요한 위로를 전하는 영화! 너희가 라일리를 사랑하는 것처럼 아홉가지 감정 모두 사랑해
인사이드아웃2,픽사는 건재하다. 자아를 발견하기까지의 과정을 역시나 놀라운 상상력을 추가해 완성시켰다.
인사이드아웃2,감정에 휩쓸려 나를 잃지 말자
인사이드아웃2,인사이드 아웃은 마음지키미 같은 애니입니다.울면서 한없이 치유받고갑니다.진짜 최고
인사이드아웃2,안녕 내안에 기쁨과 슬픔과 까칠함과 소심함과 화와 불안과 당황과 따봉과 부러움아. 너희들 덕에 내가 있어서 너무 행복해.
인사이드아웃2,"""어른이 된다는 건 그만큼 기쁠 일이 줄어든다는 거니까"""
인사이드아웃2,두 번 봤는데 한 번 더 볼 예정
인사이드아웃2,라일리 졸업파티 연애 취업 출산 육아 시리즈물 드가자
인사이드아웃2,스틱은 조이가 잡는게 맞다조이스틱은 괜히있는 말이 아님
인사이드아웃2,물건너 온 애니 주인공의 스트레스 원인은 결국... 인간관계였군...직장인이나... 학생이나...ㅜㅜ
인사이드아웃2,토이스토리 이후 완벽한 속편. 불안이가 너무나도 이해되고 당황이는 정말 귀엽다.
인사이드아웃2,"랜스, 블루피, 파우치 트리오 또보고싶네요ㅋㅋㅋㅋ"
인사이드아웃2,이 영화를 우리 아이들에게 바칩니다. 우리는 너희를 있는 그대로 사랑해.
인사이드아웃2,1편보다 더 좋다 모두 라일리를 위한거야
인사이드아웃2,수면의 중요성을 보여주는 영화. 잠을 못 자면 별 생각이 다 든다.
인사이드아웃2,"사춘기인, 사춘기를 지나온 모두에게 픽사가 바치는 헌사"
인사이드아웃2,따봉 감정들아 고마워 무너지지 않게 해줘서
인사이드아웃2,어린이보다 어른이 더 많이 공감할 작품
인사이드아웃2,나쁜 감정은 없다. 조화가 중요할 뿐. 개인적으로는 8.5점 정도. 추천합니다!
인사이드아웃2,새로운 감정들아 안녕! 그때는 몰랐지만 이제 알고보니 반갑다 고마워 그리고 수고했어:)
인사이드아웃2,"애니메이션을 보고 눈물이 흐르는건 어른의 특권일까 너무 기특하던 라일리, 너의 모든 모습을 사랑해 !"
인사이드아웃2,영화 속 불안이를 보며 불안해하는 내 머리속 불안이 화이팅.
인사이드아웃2,곧 우리 가족도 겪을 일.. 감정들에 이름표 잘 붙여서 진하게 이해하고 따뜻하게 안아줘야겠어요. 부모 입장에서 고맙기까지 한 영화였습니다!
인사이드아웃2,번아웃 온 후로 무력하게 지내다 가족들과 보게된 영화입니다. 보는 내내 울었더니 영화가 끝날 무렵 후련한 마음으로 병에 가둬왔던 감정들을 바라볼수있게 되었어요
인사이드아웃2,전체관람가지만 유아~초저보단 사춘기 즈음의 아이들 혹은 이미 겪은 모든 청소년과 어른이들에게 추천
인사이드아웃2,보는데 훌쩍이는 사람들이 많았던 ㅠㅠ 어른들을 위한 애니 픽사..
인사이드아웃2,기대하고 봐서 그런지 .. 공감이 잘 안되는 부분이 많았고 지루했어요~ 시즌1에 비해서 너무 아쉽네요
인사이드아웃2,이번에도 여지없이 펑펑 울고 말았어요
인사이드아웃2,3편에서는 연애의 시작과 출산의 마음 그리고 엄마의 마음이 나오지 않을까? 예상해봅니다. 50을 비라보는 제게도 큰 감동이었고 사춘기 딸에게도 큰 울림이 있었을것 같아요.
인사이드아웃2,인생 애니메이션 영화를 찾은 거 같아요 너무 추천합니다
인사이드아웃2,나를 괴롭히는 불안이가 너무 미운데 지금의 내가 있는 건 불안이 덕분이기도 하다. 어떤 감정도 기억도 선택도 모든 것이 내가 되었다.
인사이드아웃2,괜찮게 본 거 같음. 어린 시절의 감정들을 저런 상상력으로 풀어서 이야기를 만드는 건 정말 대단한 것 같음
인사이드아웃2,"""오랜만이야 불안아"" 대사에서 알 수 있듯, 어른들의 본부에는 불안이의 메인 자리가 없다. 그러니 종종 그림자처럼 찾아오더라도 ""어~ 또 왔어?"" 하고 대수롭지 않게 여기자. 자리를 내어주는 순간 나를 잃고 마니까."
인사이드아웃2,"30대 중반, 여전히 불안한 내 자아를 보는 것 같아서 슬프고 위로가 됬다."
인사이드아웃2,정말 인생영화 1편도 잘봤지만 2편은 느낀게더 많음~ 하루에도 열두번씩 바뀌는 내 자아.나이가 들면서 왜이렇게 기뻐하는일이 줄어들지 오만가지 생각하면서 속상했는데내 기쁨만 줄어드는게 아니였구나 내 불안이 안아줘야지
인사이드아웃2,"잊고 있었던 소중한 감정들이 떠올랐다. 나는 그런 사람이기도 했었지,"
인사이드아웃2,불안하고 서툴렀던 경험들이 모여 엉망이지만 아름다운 내가 된다.
인사이드아웃2,세상의 모든 불안이들이 행복하길
인사이드아웃2,왜이렇게 울었는지 모르겠다 ..:)
인사이드아웃2,"내 감정, 내 기억 모두 다 소중하다. 그 모든게 합쳐져서 내가 된다."
인사이드아웃2,재.미.있.음 40대 중반 아재 씀
인사이드아웃2,1편에 이어서 2편도 너무 감동적. 영화 한 편이 한사람의 인생을 바꿔놓을만한 메시지를 준다는건 굉장한 일이다.
인사이드아웃2,"내가 위로받은 영화. 불안이의 한쪽 눈에 눈물이 맺히는 순간, 나를 지키기 위해 부단히 노력한 행동들이 나를 망칠 수도 있다는 걸 깨달아버린 나의 과거 같아서 눈물이 쏟아졌다. 있는 그대로의 나를 사랑해."
인사이드아웃2,인사이드 아웃이 9년 만이라 그런가 처음에 라일리 이야기 하면서 친구들이랑 티없이 맑게 웃는 모습부터 눈물이 나올 뻔했다. 또 9년 뒤에 나오더라도 3가 꼭 나오면 좋겠다. 그리고 마지막 쯤에 모든 감정들이 라일리의 신념 나무 꼬옥 안아줄때 울...
인사이드아웃2,'그 모두가 나였다'라는 말을 이다지도 따뜻하고 재기발랄하게 표현할 수 있는 영화가 또 있을까. 너무나도 행복한 작품.
인사이드아웃2,실체없는 불안이의 눈에 눈물이 차오를 때 나도 울고 있었다
인사이드아웃2,역시나 좋았습니다. 필요없는 감정과 기억은 없다.
인사이드아웃2,"Joy, Riley wants you."
인사이드아웃2,감정들이 본부 찾아가는 과정이 사알짝 지루하긴 했지만 와닿는 대사는 제법 많았던 영화. 어른이 된다는건 기쁨이 줄어드는 게 아닐까 라는 한 마디가 맘에 참 와닿았습니다.
인사이드아웃2,내용도 좋고 1보다 더 좋았습니다
인사이드아웃2,항상 불안이에게 시달리고 있는 어른들은 위한영화... 가끔은 내려놓아야 할때가있다
인사이드아웃2,1편 본 지 오래 돼서 잘 기억 안 났는데 보는 데 전혀 문제 없었고... 생각보다 너무 재밌게 봤어요 감동 심해ㅠㅠ.ㅠㅠ.ㅠㅠ
인사이드아웃2,너무 좋은 영화였음! 라일리가 나같고 내이야기 같아서 더 감동이었던 영화
인사이드아웃2,불안이가 애쓰는 모습이 나같아서 밉지 않았다. 내가 어떤 사람인지는 지금까지 흘려온 모든 시간이 결정하는거구나.
인사이드아웃2,불안이가 내 모습이랑 너무 닮아서 울컥함
인사이드아웃2,어른이 된다는 것은 이랬던 거였구나
인사이드아웃2,"""엉망이지만 아름다운 라일리를 우린 있는 그대로 사랑해요"""
인사이드아웃2,어른이 봐도 너무 재밌고 좋은 영화. 후회하지 않을 것.
인사이드아웃2,"그냥 다들 꼬옥 안아주고시퍼,,"
인사이드아웃2,무엇보다 놀랐던건.. 1편이 9년전 영화라는 것..
인사이드아웃2,어른이 되었어도 항상 열일하고 있는 나의 불안이에게 감사를 보내며. 조금만 천천히 일해줘
인사이드아웃2,"보는 내내 울면서 봤어요...ㅋㅋ훌쩍크흡어린시절 소중했던 추억들이 새록새록 떠오르고,현재는 아이들을 키우고 있는 엄마가 되었지만,나이 불문하고 다들 느껴봤을 감정들을 너무 잘 다룬 영화였습니다.저에겐 인생 영화 였습니다. 보길 잘했어용ㅋ"
인사이드아웃2,"영화를 보며 불안이는 기쁨이의 자식이 아닐까 생각했다. 기쁨을 잃고 싶지 않은, 상처받길 두려워하는 우리의 마음이 커져가며 불안이가 태어나는 거라고.. 불안이는 죄가 없다. 그저 상처에 익숙해지지 못하는 우리를 지켜주기 위해 최선을 다했을 뿐. ..."
인사이드아웃2,"나를 만들어준 수많은 기억들과 그것을 지켜온 마음들""LOVE YOURSELF"""
인사이드아웃2,넘 좋았습니다. 재미 감동 둘다 굳
인사이드아웃2,모든 감정이 소중한데 시간이 지나면서 점점 옅어지는 게 슬프네
인사이드아웃2,감정들 하나하나 마음이 간다ㅠㅠ 역시 인사이드 아웃...! 벌써 또 보고 싶음
인사이드아웃2,위로를 주는 영화. 개인적으로는 2편이 더 감동적이었습니다.
인사이드아웃2,나의 불안들을 이해해보고 싶어졌다. 나 잘하고 싶어서 그랬구나
인사이드아웃2,사춘기를 아름답게 보내는 지침서
인사이드아웃2,1편보다 더 깊은 위로 받고 갑니다
인사이드아웃2,심리학 교과서를 보는듯한 . 기분의 캐릭터화가 너무잘되고 잘표현한 느낌
인사이드아웃2,항상 잘 하고 싶지만 가끔 실수해도 안아주세요
인사이드아웃2,"이런 영화를 볼때 10대 관객들이 있으면 소위 관크로 관람에 방해를 느낄때가 있는데 이번엔 이 영화를 보며 웃고 떠드는 아이들이 나에겐 영화였다. 나도 라일리 같은, 저 10대 관객 같은 방황하지만 아름답던 시절이 있었는데."
인사이드아웃2,이정도면 꽤 훌륭한 속편이라고 생각
인사이드아웃2,불안이는 항상 웃고있었다. 마지막에 눈물이 차오르기 전까진.. 애써 웃고있는 모습에서 그리고 좌절하는 모습에서 수많은 내가 보였다
인사이드아웃2,불안도 당황도 모두 내게 필요한 감정이라는거 라일리와 함께 성장한 <인사이드 아웃 2>!
인사이드아웃2,MBTI가 익숙해진 세상에 보부상J인 나는이것 저것 챙기는 게 부지런한게 아니라이런저런 상황에 '불안'해서라고 깨달았다그러다가 이제 없으면 편의점 가서 사지 하고불안을 가라앉히고 덜 챙기는 편이다이렇게 '불안'때문에 부지런해 보일 때도 있었...
인사이드아웃2,사춘기라는 불안한 감정을 너무나도 잘 표현한 영화 그러면서도 어른들의 눈물을 자극하는 영화.잘하고 있다라고 응원해주고 있는거같음.
인사이드아웃2,왜 이렇게 눈물이 나는지ㅠㅠㅠ
인사이드아웃2,불안에 휩쌓여 기쁨을 잊었던 내 모습이 보였다
인사이드아웃2,늘 잘해내고자 했던 내 안의 불안을 위로하는 영화
인사이드아웃2,아홉가지 감정들이 나를 끌어안아준 영화
인사이드아웃2,1편이 워낙 레전드이지만 충분히 잘 만듬
인사이드아웃2,두번봤어요 불안이 울때 같이 울었어요 ..그리고 나를 위해 내 감정들이 애쓰고 있다는사실 ..우리는 각자 너무나 소중한 존재라는 사실을 사랑스럽게 표현한 영화라 생각합니다
인사이드아웃2,심리학을 참 잘녹여냈고 위로되는 영화
인사이드아웃2,모든 감정이 신념을 끌어안을때 내 안의 슬픔이가 반응해버림 ㅜㅜ
인사이드아웃2,나이 먹어 보니 불안이 한테 공감이 많이 간다..
인사이드아웃2,기쁨이는 뒤로가지만 다채로운 감정들이 내 삶을 가득 채워주겠지
인사이드아웃2,제 기준엔 지금까지 올해 가장 빛나는 작품 같아요
인사이드아웃2,"사람마다 감동포인트가 다를수 있겠지만 , 인사이드아웃1 도 감명깊게 본 사람입니다. 2는 뭐가 다를까싶었지만, 1보다 더 감명깊었어요. 그리고 기쁨이가 어른이 되어가는 과정이 이런건가봐(스포로 생략) 하는 대사에 눈물이 핑돌았네요 ㅠㅠ 나의 감..."
인사이드아웃2,불안이를 토닥여줄 다른 감정들이 나한테는 없나. 왜이렇게 불안이만 독주하지!!
인사이드아웃2,디즈니의 상상력은 최고다모두에게 위로가 되는 영화
인사이드아웃2,"기쁨 내지는 불안 등 하나의 감정이 나를 만들지 않는다. 다양한 감정과 기억들이 모여 ""나는 ~사람이야.""라고 말할 수 있을 뿐 이는 불변한 것이 아니다. 때론 좋은 사람이며 때론 부족한 사람이 되는법. 어떤 사람이 될지는 내가 여지껏 삶을 어떻게 ..."
인사이드아웃2,불안이도 이해되니까 미워하진 못하겠다
인사이드아웃2,너가 뭘 하든 우린 널 응원해! 너는 너로 충분하다는 따뜻한 응원과 위로.
인사이드아웃2,좋은 기억만으로는 성장할 수 없다.힘들고 어려워도 버티고 이겨내며 성장하는거다.파우치 어려움을 이겨낼 수 있는 좋은 도구를 주렴.
인사이드아웃2,"어쩌면 우리는 사춘기부터 나를 인정하는 방법을 배워나가는 걸지도…서툴었던 나도, 이기적인 나도, 부끄러운 나도 모두 나임을 깨닫는 시간…"
인사이드아웃2,사춘기의 감정도 나를 만들어가기 위한 과정이다
인사이드아웃2,모든 감정이 결국 나였다는 것
인사이드아웃2,솔직히 보다가 졸았다..기대만큼 재밌지 않았음..
인사이드아웃2,나의 부정적 감정도 다 괜찮다고 토닥여 주는 영화! 가볍게 보면 캐릭터 너무 귀엽고 비주얼 이쁘고 스토리 단순 명료한데 빠져들면 끝도 없이 슬프고 갬동적이고 생각많아짐
인사이드아웃2,명불허전 인사이드아웃이 돌아왔다니 너무 좋았습니다사춘기 시절이 새록새록 떠오르네요 ㅎㅎ
인사이드아웃2,감정들을 의인화 해서 표현하는 기법이 정말로 짜임새 있습니다
인사이드아웃2,"예전에 맛봤던 익숙한맛임에도 감탄스러운 상상력에 또 감동하게 된다. 어른이 된다는것이 무엇인지. 우리를 이루는게 무엇인지. 우리가 믿는것, 신념이 무엇인지 생각하게 되는 영화. 중간에 과도한 표현으로 조금 눈쌀 찌푸려지는 부분과 억지스런 ..."
인사이드아웃2,"기쁨이가 다양한 감정들의 리더라는 것이 불안의 소용돌이 속 삶은 기쁨의 연속이라는 것 같아서라일리의 삶 속 중요한 순간 라일리는 꼭 기쁨이를 찾는다는 것이 삶의 중심은 기쁨 속에 있다는 것 같아서슬픔, 불안, 분노, 당황, 따분한 삶 그럼에도 불..."
인사이드아웃2,성숙해지는 과정을 잘 담은 영화.
인사이드아웃2,중2 딸과 함께 같다. 뭐하나.. 정말 뭐하나 흠 잡을 곳 없이 잘 묘사했다.울고 있는 딸의 모습에 내 마음도 먹먹..이런 영화는 더 많이 나와야 마땅하다!3편을 기다리며 2편을 한 5번쯤 봐야겠다...
인사이드아웃2,왜 울려요…조이가 라일리 자아 꽉 안아주고 다른 친구들도 덩달아 안아주는데 눈물 ㅜㅠ
인사이드아웃2,"감동적이고, 따뜻한 위로를 받은 기분이네요"
인사이드아웃2,본편을 뛰어넘는 속편너무 나같아서 펑펑 울었어요
인사이드아웃2,"불안이한테 많은 공감이 갔어요 .. 이 영화는 어떤 삶의 방식을 취하고 있는가에 따라 모두가 서로 다른, 하지만 분명히 어떤 한 감정에게 공감하도록 만드는 영화같습니다 .. 너무 잘 봤어요 -!"
인사이드아웃2,"디즈니 애니들의 대표적인 그런.. 딱 기억에 남는 ost가 빠진게 아쉽지만? 그 외에 영상미, 스토리, 감동.. 그저 인사이드아웃2는 진짜 기억에 오래 남을 영화였어요.. 이게 진짜 어른애니메이션인가싶네요 :)방금 나왔는데 금방 또 보고 싶어지네요.적극 ..."
인사이드아웃2,아이와 같이 보러가서 엄마 아빠가 더 공감하는 영화..초등은 뭔 내용인지 모르겠데요^^;; 아직 모를만도 하지...
인사이드아웃2,너무 위로 받았어요. 어떤 사람들은 스토리니 신선도니 뭐니 하는데 그딴거 필요없고 많은 사람들이 이 영화를 통해 위로를 받고 있다는게 중요한 것 같네요. 너무 재밌게 봤어요~!
인사이드아웃2,1편보다도 좋았어요 너무 재밌었습니다
인사이드아웃2,1에 비해선 살짝 아쉽지만 그래도 재밌었음
인사이드아웃2,사춘기 자녀를 둔 부모들에게 권하는 필수 지침서. 자기 자신의 지난 사춘기시절을 회상하고 추억하게 하는 힘.전편보다 더 나은 속편은 없다라는 불문률 깨버림.
인사이드아웃2,점점 나이가 들어갈수록 2가 더 감동적이였다
인사이드아웃2,내가 느끼는 감정들을 모두 존중받는 것 같았다ㅠ 불안이랑 당황이에 특히 감정이입하면서 봤음...킬링타임용으로 생각했다간 눈물 한방울 또르르 흘릴지도
인사이드아웃2,보는 것만으로도 위로가 되는 영화였어요
인사이드아웃2,"나는 내가 어떤 사람이 될지를 결정할 순 없지만, 어떤 사람이 되어도 토닥여줄 수 있다."
인사이드아웃2,불안이는 잘못이 없어. 그저 잘 해내고 싶었을 뿐이라구... 그러니 자책하지말아
인사이드아웃2,1편보다 더 재밌고 감동적이예요ㅠㅠ 역시 디즈니픽사 레전드 애니메이션
인사이드아웃2,"전작과 마찬가지로 악역은 없는 스토리가 정말 좋았습니다.감정을 긍정, 부정과 같이 이차원적으로 나누지 않고 모두 존재해야 하는 것들로 이해할 수 있어요.사춘기를 주제로 하지만, 지금 혼란스러운 감정을 겪고 있는 모두에게 위로가 될 영화."
인사이드아웃2,예전에 나왔던 1편 보다 더 재밌게 봤습니다
인사이드아웃2,와 진짜...정점이다 너무 잘 만들었고 진짜 감동적이었다. 진짜 100점짜리 영화
인사이드아웃2,감정친구들 귀엽네요ㅋ몇몇은 비중이 적어 아쉬움
인사이드아웃2,결국에는 맞다 틀리다의 문제도 아니였고 그냥 살아야 하는 얘기였어. 재밌었어.
인사이드아웃2,인사이드아웃1보다 2가 훨씬 더 재미있음 새로운 캐릭터 등장 너무 좋았고 감정이 훨씬 더 공감이 되었달까
인사이드아웃2,50대 아부지가 안자고 봤어욬ㅋㅋ
인사이드아웃2,"전작에 비해서는 아쉽지만 재밌게 봤습니다.하지만 ""어떠한 자신이라도 사랑하자"" 라는 메세지를 전하기에 라일리라는 캐릭터가 너무 다재다능한 캐릭터가 아니였는지 아쉬움이 남음.조금 더 평범한 캐릭터가 세상에 적응하기 위해 노력하는 이야기..."
인사이드아웃2,내년에 40살..나는 아직 상상력을 가진 위로가 필요한 어른이 인가 보다..
인사이드아웃2,중간에 좀 지루한데 볼만은 합니다.
인사이드아웃2,어린이가 보기엔 너무 빠르고 이해어려운 스토리이고 그렇다고 어른이 보기에는 내가 저걸본다고 이러고 앉아있나싶고…
인사이드아웃2,인사이드 아웃1 보다 더 울고 감동 받을줄은 몰랐다
인사이드아웃2,"정곡을 찌르는 영화대사들, 심리묘사 표현.너무 완벽한 올해의 애니메이션영화"
인사이드아웃2,내 안의 불안을 바라보게 된 영화
인사이드아웃2,"불안해 하지마, 지금을 충분히 즐겨. 다채로운 내일이 기다릴거야."
인사이드아웃2,사람에 따라서 1보다 재밌을지도
인사이드아웃2,되려 아이들은 덤덤한데 어른들은 울고있는 영화.
인사이드아웃2,"9년 전, 7살이었을땐 뭣도 모르고 봤고, 지금 고1인 난 사춘기를 겪었고 오열이 되더라"
인사이드아웃2,사춘기를 한참 지나고 나서야 알게되는 것들
인사이드아웃2,모든 감정은 나를 위해 존재해
인사이드아웃2,내 안의 감정을 시각적으로 돌볼 수 있게 해주는 명작...
인사이드아웃2,"이상하게 이 영화를 보면 자꾸 눈물이 난다. 1탄에서는 빙봉을 보고, 2탄에서는 자신의 감정에 대하여 솔직하지 못했던 과거가 생각나서. 어른이 된다는게 이런건가봐 기쁨이 줄어드는거 그리고 불안은 늘어가는거"
인사이드아웃2,"1편의 슬픔이에 이어 2편의 불안이까지. 인사이드 아웃은 부정적인 감정들도 나를 향한 사랑으로 생겨난 것이고, 그들과 함께한 과정이 나를 만들어왔음을 말해준다. 미워하기만 했던 나의 감정들을, 나를 사랑할 용기를 주는 영화이다."
인사이드아웃2,픽사가 픽사했다 3도 나와주라
인사이드아웃2,”어른이 된다는건 이런건가봐. 기쁨이 줄어드는거“이 한마디가 하루종일 내 머릿속을 멤돈다
인사이드아웃2,"사람은 다양한 감정을 가진 존재로 때로는 드러내고, 때로는 감추면서 어른으로 성장한다."
인사이드아웃2,내면 어디엔가 불안함을 지니고 있을 모두에게 픽사가 선사하는 위로같이 느껴졌다 너무너무 아름다운 이야기ㅠ
인사이드아웃2,나를 마주보게 되는 영화불쌍하고 아픈 나를 들여다 보는 것 같아 슬펐다내가 좀 더 나은 내가 되기를시즌 1을 뛰어넘었다
인사이드아웃2,울었어요... 1은 안울었는데 2는 울었네요...
인사이드아웃2,여러모로 높은 성장을 보여준다
위키드,1년 기다리면서도 보고 나와서도 노래 무한 반복해서 듣는 중 ㅜ 진짜 너무 좋다ㅜ
위키드,"1편부터 2편까지 진짜 내인생에서 본 최고의 뮤지컬 영화였다 ㅠㅠㅠ신곡 2곡도 정말 정말로 좋았구.. 엘파바 글린다 둘 다 목소리가 보물임,,한 해 마무리 할 영화로 딱 좋은 듯 12월에 한번 더 봐야징"
위키드,"(2회관람 / 롯데시네마 월드타워 수퍼플렉스관, 광교CGV IMAX관) 저평가 너무심하다. 애초에 원작부터 스토리가 이런데 원작 모르는애들이 평점테러하네. 영상미, 연출 다 훌륭한 마스터피스. 완벽한 마무리였습니다. 위키드 최고 :) N차관람 예정."
위키드,"진찐 감동 그자체, 아리아나 그란데 넘이뻐"
위키드,원작 뮤지컬도 2막은 허술하고 어색한 개연성 때문에 평이 안좋은건 알고 있지만 그걸 감안해도 처참한 개연성과 스토리.음악도 1막과 달리 크게 인상깊거나 기억에 남는 넘버가 없다. 리프레이즈만 가득하다.
위키드,"화려한 영상미는 말 그대로 마법이고, 한 장면 한 장면이 동화 속 한 페이지처럼 펼쳐진다.OST는 들을 때마다 가슴을 꽉 채우는 힘이 있고, 포 굿이 흐를 때 감동 그 자체!눈도 귀도 계속 설레게 만드는 그런 영화였다.극장에서 마법 제대로 만나고 싶다면..."
위키드,뮤지컬이나 원작을 아는 사람들은 더 재밌게 즐겼겠지만 위키드1만 보신 분들은 이게뭔가 싶을 수 있음
위키드,노래빼고 스토리가 막장. 1편이 워낙 명작이라 그냥 기대없이 보셈
위키드,위키드 뮤지컬 좋아하는 사람으로써 넘 재밌었어오
위키드,"아리아나와 신시아의 연기, 노래 정말 감동적"
위키드,완벽한 피날레 1년 기다린 보람있습니다
위키드,1에 비해 약간의 날림? 같은 느낌도 있고 전체적으로 재미는 떨어지지만 나쁘지 않았다
위키드,나쁘지 않은데 어딘가 모르게 아쉬움
위키드,"굳이 1, 2편으로 나눌 필요가 있었을까 하는 의문이 남고 1편만큼의 재미나 감동은 없었다"
위키드,뮤지컬을 안 본 입장에서야 영화가 중구난방으로 보일 수 있겠지만 안 그런 친구도 있는 걸로 봐서는 느끼는 데에 개인차가 있을테니 어쩔 수 없다 싶음 근데 누가 오즈의 마법사는 왜 집어넣었냐는데 ㅋㅋㅋㅋ... 이 스토리가 애초에 오즈의 마법사에서...
위키드,원작이 문제인듯.그런데 노래도 딱히 들어줄게 없었다.
위키드,한국에서 보던 막장드라마가 이렇게 세계적이었던 스토리였구나
위키드,배보다 더 큰 배꼽의 한계더 큰 이야기(위키드)를 작은 이야기(오즈의 마법사)에 맞추려다 보니 온갖 억지가 난무한다
위키드,"스포당하고 가면 스토리가 이게뭔가싶음. 볼거리는 많고, ost띵곡이 없어서 그런지 1편에 비하면 후달리는 느낌이나요"
위키드,완벽하지 않아서 서로가 더 필요했던 두 사람. 완벽한 결말은 아닐 수 있지만 두 주인공이 서로를 위해 최선을 다한 결과.
위키드,1년을 기다렸던 위키드 사실 전편보다 와닿는 노래는 별로 없었지만 그래도 서사는 더 좋아서 잘봤습니다 눈물날뻔했어요
위키드,그냥 위키드 팬으로서 거의 10몇년을 기다린 영화기에 기다리는동안에도 보고난 후에도 너무 행복했습니다
위키드,"엘피바와 피에르의 사랑에 대해서 공감이 전혀 가질 않으며, 동생을 죽인 사람과 약혼자를 뺏어간 사람끼리 진정한 우정이라고 말하는것도 납득이 안감. 도로시와 친구들을 제대로 안보여준게 의도된 연출이었겠지만 개인적으로는 답답했음. 전반적으로..."
위키드,얼렁뚱땅 내용 전개되던 뮤지컬 내용에 살을 붙여 엘파바-글린다의 감정선이 깊어졌다
위키드,1편보다 좋았고 주인공들에게 과몰입 하게 되는 서사
위키드,1편보다 급전개 느낌이 나고 음악도 1편보다는 좀 슴슴했지만 그래도 극장에서 볼만한 영화
위키드,"영화는 괜찮으나, 유명한 노래는 1편에서 다 나와서, 영화가 전체적으로 밋밋한 느낌… 그냥 한 편으로 만들었음 더 흥행했을지도…"
위키드,엘파바와 글린다의 운명이 절정으로 치닫는 감동적인 피날레
위키드,감동은 포굿에 몰빵이네요1편은 재미 감동은 2편입니다
위키드,아이맥스로 보니까 ost가 훨씬 좋네요. 1도 아이맥스로 보고싶어요!
위키드,너무 스토리가 막장이고.. MBTI 유형 ST이신 분들은 모지마세용.. 충격..ㅜㅜ
위키드,"나름 1편을 재밌게 봤던지라 기대치가 컸다곤 해도 많이 실망스럽네요.1편의 후속으로 이어지는 흐름도 매끄럽지 않고, 등장인물들의 심리상태도 이해가 가지 않습니다. 뮤지컬영화로서 딱히 귓가에 남아있는 노래가 없다는 것도 1편과 비교해서 치..."
위키드,내 노굿디드를 돌려줘 이건 아니잖아
위키드,1편이 노래도 더 좋고 스토리도 더 좋네요.
위키드,"아이와 1편을 잼있게 봐서, 1년을 기다려서 오늘 또 같이 2편을 봤는데.. 기대했던 것 보다는 스토리 전개가 좀 부족한 느낌이고, 노래가 기억에 남는 것도 없고, 뭔가 좀 부족한 느낌이었네요.. 노래 나올 때 좀 쉬어 가는 부분으로 생각될 정도.."
위키드,부제대로 모든걸 좋게좋게 끝낸어찌보면 후속작으로는 나쁘지 않았으나 단독으로 보기엔 좀 엉성한 면이 많아서 아쉬움그래도 전작보다 시각적인 연출 면에선 더 발전했고 원작의 원작인 오즈의 마법사와의 연결도 오마주 잘해서 만족스럽게 본 듯
위키드,1과 비교하여 인상적인 노래가 없어서 아쉽지만 잘 마무리 함
위키드,아무래도 뮤지컬이 더 낫지... 돈만있으면ㅠㅠ
위키드,1이 너무 수작이라 2가 상대적으로 많이 재미없음근데 이건 원작 뮤지컬도 똑같아서 어쩔 수 없다 생각하는데 오리지널 넘버도 별로라 더 실망했음
위키드,아 이건 진짜 괜관적으로 지루했어요 그냥 캐릭터들을 애정하는 마음으로 보긴 했지만...
위키드,둘의 서사 어쩔꺼야 ㅜㅜ 뮤지컬보다 더 완벽한 마무리 세번 봐야지 ㅠㅠ
위키드,오즈의 마법사 이야기에 대해서 다시 알게 되었네요~ 1편이 조금더 좋았습니다~
위키드,"영화 자체의 탓을 할 순 없지만, 20분의 인터미션이 아닌 1년의 인터미션이 독이 되다"
위키드,잘 보고 왔어요 아주 재밌어요
위키드,개인적으로 1이 워낙 좋았어서 2는 기대엔 못 미쳤지만 원작도 그렇다고 하니 뭐...포굿 씬은 너무 좋아서 다회차했어요 저는 성적과 평에 비해선 재밌는 영화라 생각합니당
위키드,1편에 비해 재미와 감동이 훨씬 더하네요. 더 파워풀한 음악과 엘파바와 피예로의 애절한 러브 스토리까지 완벽한 종합선물세트 같은 영화.
위키드,전작보다는 별로지만 여전히 좋긴함
위키드,"뮤지컬보다 좋은, 그러나 1편보다는 애초에 흥미도가 부족한 것 알고 있었으니 괜찮아."
위키드,진실은 간혹 달의 뒷면에 존재한다. 그렇다고 앞면이 거짓은 아니다
위키드,1 본 뒤에 내한 뮤지컬을 관람하고 2를 본 건데 뮤지컬 때의 감동이 떠올라서 보며 울컥울컥했어요. 하지만 원작을 관람하고 본 건데도 영화로는 캐릭터들의 감정선과 행동에 이입이 쉽지 않은 부분들이 많았어요. 이건 뮤지컬로 보시면 완벽한 개연성...
위키드,1편보다 나은 2편이 되었네요
위키드,영상미와 비주얼이 뛰어났고 우정에 대한 이야기가 감동적이었고 혹평 당할 정도는 아니라고 생각합니다
위키드,1편의 이야기를 잘 마무리 지었지만 마지막곡 외엔 인상 깊은 노래가 없고 전개가 다소 매끄럽지 못한 점이 좀 아쉽네요
위키드,깊이없는 각본에 몰입이 되겠냐
위키드,스토리 아쉬운 건 빼곤 다 좋았습니다. 배우님들 연기 좋았지만 특히 아리아나 그란데 연기 좋았습니다. (내한 또 오면 좋겠습니다. 목소리가 최고야~)
위키드,1편보다 넘버는 인상적이지 않지만 스토리로써는 최고의 영화
위키드,"내한 뮤지컬 때도 느낀거지만, 역시 모든 면에서 1막이 2막보다 훨씬 낫더라!"
위키드,선과 악은 종이 한장 차이인 듯 하네요. 어른을 위한 동화 한편 즐겁게 감상했습니다.
위키드,내용을 잘모르는 사람이 보면 전개가 이상하다고 느낄수 있겠지만 오즈의마법사와 뮤지컬 1편영화를 아신다면 재밌게 감상하실수 있을것 같아요
위키드,"개연성은 모든점에서 사라지고 중요한 사건의 OO점들은 우스갯마냥 넘어가 흐름도 끊기고 인물 클로즈업은 매우 많은데, 신시아 아리아나 둘다 표정변화나 연기없이 걍 무작정 때려박으니 인물의 감정이나 생각이 읽히는 건 하나도 없이...올해 본 영..."
위키드,"두번째 시즌이라 한편안에 뮤지컬 내용의 나머지 부분을 다 담아내야했기때문에 확확 변하는 장면들이 휘몰아치는 느낌을 다소받아 어지러웠지만 역시나 위키드를 좋아하는 입장에서는 뮤지컬 내용을 그대로를 담은게 좋았고 영화의 디테일,퀄리티 그..."
위키드,위키드 뮤지컬을 먼저봐서 내용아는데도 슬프네요2편도 좋았어요
위키드,No good deed 하나만으로 극장에서 볼 이유 충분
위키드,"동화같은 스토리, 영상미, 음악이 아주 좋았어요^^"
위키드,1편: 극장의 존재이유2편: 우리가 극장에 가길 꺼려하는 이유
위키드,시즌 1은 감동 그 자체였어요만들때 시간이 부족했나? 너무 이야기가 얼렁뚱땅 빨리 끝낸것 같은 느낌이 듬 스토리가 이해가 안감ㅡㅡ 그래도 노래는 멋졌음
위키드,1편과 오즈의 마법사까지 내용 숙지 후 관람을 추천합니다.
위키드,도로시 스토리 모르고보니까 넘 급전개라고 느껴졌어요.. 1편은 진짜 감동으로 눈물났는데 2편은 볼때 약간.. 혼란스러웠다.. 만약 보실분들은 오즈의 마법사 내용 숙지하시고 보면 더 재밌게 볼 수 있을 것 같아요. 그래도 주연들의 연기가 살렸다..
위키드,뮤지컬도 2막이 지루해서 큰 기대 없이 봤는데 영화가 훨씬 낫네요.
위키드,원래 뮤지컬도 2막은 힘 빠지는 구조라 예상은 했다만 아무리 그대로 뮤지컬을 그대로 복붙해서 단점을 고스란히 가져오는 건 좀.. 오리지널 곡들도 다 별로고 오디오 채우려고 이전 곡들 보컬만 바꿔 부르고.. 좀 많이 아쉬웠다. as long as you're mine...
위키드,저는 눈물광광.... 개연성이 좀 떨어지긴 하지만 저는 주인공 2명감정에 집중해서 좋았습니다
위키드,포굿도 재밌게 봤지만 스토리가 얼렁뚱땅 흘러가는 느낌이었습니다. 기억에 남는 노래가 포굿밖에 없어서 다소 아쉬웠지만 1의 노래들이 나올때가 좋았습니다. 예고편에도 나온 나마나마나마나마투다마(?) 그부분도 노래인줄알았는데 암튼 좋았어요! ♡...
위키드,영상미가 너무 이뻤어요! 노래는 1편 넘버를 재사용해서 조금 아쉬웠네요
위키드,원래부터 노잼인 2막을 살리기 위한 최대한의 노력. 다소 개연성이 떨어지는 전개지만 포 굿을 들을 땐 눈물을 멈출 수 없었어...
위키드,...1이 너무 노래 영상미 몰빵하고 2는.. 엔딩까지 가기바쁨..
위키드,뮤지컬도 2막은 급전개 막장이라…ㅋㅋ뮤지컬의 구멍을 메꾸려고 노력한게 느껴져서 전 좋았어요
위키드,노래가 약간 아쉬웠다 1에비해서 스토리 완성도도 조금 아쉬운느낌
위키드,가슴 찐한 글린다와 엘파바의 우정이 부럽습니다서로를 진심으로 애정하며 편견에 굴하지 않는 의지가 뭉클하기도 합니다
위키드,1년을 기다려왔는데...결말의 전개가 너무 급박하고 식상한 점이 아쉬웠다.
위키드,진짜 스토리가 해도해도해도 너무해서 보는내내 머리가 띵 뭐이런스토리를 세상에 내놓냐싶음 스토리가 너무시끄럽고 황당해서 두번다시 기억하고 싶지않음 7천원에 봤어도 돈아까움
위키드,난 너로 인하여 달라졌어..아름답고 슬픈 우정 이야기 잘봤습니다
위키드,원작 모르면 호불호 갈릴만 하지만 알고보면 명작입니다
위키드,남자 때문에 빠갈라지는 게 말이 되나 라기엔 너무 잘생겼다
위키드,1에서의 전율은 없었지만 그래도 영상미와 마무리는 최고였다
위키드,뮤지컬 2막의 허벌한 개연성을 채우기 위해 노력한 흔적이 보인다.
위키드,원래 뮤지컬도 그래서 무난하게 보긴했는데 그래도 영화로 나왔는데 좀 각색해줬으면 좋았을텐데..라고 생각함ㅋㅋㅋ내가 보고 싶은건 엘파바와 글린다의 우정인데 갑자기 사랑..love..이러니 감정선이라고 해야하나 여전히 엘파바를 이해 못하겠음ㅋ...
위키드,위키드가 원래 2막이 1막에 비해 임팩트가 약한걸 알고 봐서 그런가 뮤지컬보다 영상미가 있어서 영화는 재밋게 봤습니다 ㅎㅎ 뮤지컬 팬이시라면 추천합니다!
위키드,왜 평점이 낮을까. 난 1편보다 더 재밌게 봤는데ㅠㅠ 원작을 잘 모르고 봐서 그런가 2편보다가 진짜 눈물났네. 이게 끝이라니..ㅠㅠ 지금 엔딩크레딧 중인데 음악이 넘 좋아서 계속 앉아있는 중.. 아. 그 네사인가 동생으로 나오는 캐릭터 진짜 싫다ㅡㅡ^
위키드,"이 먹먹함,,, 어쩌죠예상은 했지만 1편보다 더 쎄네요너무 다른 둘이지만 서로를 이해하고 성장해 가는 모습이 너무 멋지고그리고 두 배우의 라이브를 큰 화면에서 보고 들을 수 있어서 너무 행복했습니다."
위키드,너무 가볍다. 궁금증은 해소함.
위키드,1편에 이어서 2편도 노래가 참 좋아요. 오즈의 마법사 이야기도 색다르게 잘 풀었네요. 결말이 참 좋아서 돈이 아깝지 않았어요!
위키드,개연성이 부족했고 노래는 1편이 훨씬 좋았습니다...
위키드,위키드 포 굿 영화 잘 봤습니다
위키드,뮤지컬 위키드의 팬으로서 행복했던 작품!
위키드,조금 실망했지만 그래도 좋았습니다.
위키드,1은 정말 재밌었는데 2는 그냥저냥
위키드,와 1편 그렇게 잘만들고 2편을 이렇게
위키드,"1편의 노래에 비하면 임팩트는 덜하지만, 2편 나름의 매력이 충분합니다. ""오즈의 마법사""와 연계하다보니 진행이 빠른감이 있는데 원작 뮤지컬을 좋아하시는 분들은 그럼에도 와서 보면 좋겠어요."
위키드,뽕차는 노래가 읍다... 아쉽
위키드,아 1편에 비해 너무 아쉬워요 우당탕탕 하는 느낌..
위키드,제작사한테 항의메일 보내고 싶은 개빡치는 결말스토리 지루해서 평점 낮은줄 알았는데개연성도 결말도 진짜 최악 오즈의 마법사 프리퀄인걸 알아도 스토리말이안됨주인공 간 우정 싸움에서 갑자기 남자싸움이됨 고전적이고 진부함 또 스토리 전개 ...
위키드,워낙 좋아하는 뮤지컬이라 개봉하는 날짜만 손꼽아 기다렸어요! 2는 1보다 훨씬 무겁고 어둡게 시작해서 어벤저스 엔드게임2 초반 분위기가 떠오르기도 했어요. 영화에서는 훨씬 디테일하게 스토리가 이어져서 뮤지컬 떠올리며 비교해보는 재미가 있...
위키드,너무 지루함 별거 없는 스토리에 비해 영화도 너무 길고 뮤지컬 영화임에도 그닥 귀가 즐겁지도 않았음 기대했는데 너무 아쉽다..
위키드,원작의 한계를 생각하면 정말 최선을 다했다
위키드,결말 때문에 여운이 많이 남는다..
위키드,1편에 비해 압도적인 면은 약하지만 잘 마무리되는 편입니다
위키드,"존추감독, 1년 인터미션, 기존캐릭터와 신규캐릭터 등장, 엘파바와 글린다, 피에로, 오즈의마법사들 등 다양한 소재와 우정과 결투, 약간의 반전, 영상미와 뮤지컬 음악이 완벽한 결과물을 보여준 뮤지컬 영화."
위키드,배우들 연기랑 음악은 정말 좋았는데 이야기 전개되게 갑작스럽네
위키드,"1년을 기다려 온 후속편, 전편은 OST에서 오는 감동과 카타르시스가 컸다면 이번 편은 스토리 상 마무리가 적절하게 잘 된 것 같다"
위키드,"나는 너무 재밌었음,, 둘의 서사도 꽤 잘 담겨있다고 생각했고 평소에도 위키드 사운드트랙 듣기도 했고 전날 1편을 보고 가서 1편과 2편의 데칼 장면, 오마주 장면, OST 등이 많이 와닿았음,, 나는 너무 만족스럽게 본 영화임...!!"
위키드,1편보다 덜 하지만 그래도 좋았음
위키드,1년의 인터미션때문인지 1편의 인물들과는 변화된듯한? 뭔가 우리 글린다가 이렇게 변했어요- 라는 느낌이었음.
위키드,1편을 재밌게 봐서 기대가 높았는데.. 1편만큼 귀에 들어오는 노래가 없어서 아쉬웠네요
위키드,1편에 비해 약한 ost가 아쉬웠어요
위키드,"선과 악의 경계 너머에서 각자의 선택이 어떤 대가를 남기는지, 우정과 신념으로 완성되는 진짜 결말."
위키드,1편이 좀 더 재미있는거 같습니다!!
위키드,등장인물의 감정선을 종잡을수가없다.. 1탄보다 더 심하다ㅜ
위키드,2편에서는 스토리를 풀어야하는 비중이큰거같음1처럼 당기는 노래가있으면좋겠다
위키드,"위키드: 포 굿 (Wicked: For Good), [2025]"
위키드,영화 <오즈의 마법사>의 확장된 세계관 속의 엘파바와 글린다. 마법이 세상을 정말 바꿀 수 있을까?
위키드,진실이 절대적인 선이 아니고 거짓이 절대적인 악이 아니라는 것..그리고 두 여주의 관계성으로 인해 서로를 변화시킨 결과로 각자의 삶이 추구한 방향성에 대해서도 여운과 감동이 남아서 좋았음..ㅜㅜ 1부는 뭔가 극적이고 생기있는 노래들이 많았다...
위키드,화려한 영상미와 황홀한 음악이걸로 위키드포굿을 볼 이유는 충분한듯추천합니다!
위키드,기대만큼 만족스럽지않아서 아쉬운영화..
위키드,"뮤지컬에 비해 영화가 캐릭터의 감정과 서사를 관객들이 잘 이해할 수 있도록 더 살을 붙여 친절하고 세심했습니다. 연기, 음악, 영상미 모두 좋았고 특히, 영화가 끝나고 영화 이후를 상상하게 만드는 좋은 영화였습니다."
위키드,과정은 다소 아쉽지만 좋은 결말
위키드,또또또 다음 편을 기다리게 만드네 TT 이제야 진짜 오즈의 마법사가 시작하는 걸까요?
위키드,인터미션이 긴 만큼 영화도 완벽할 줄 알았지만 역시 1보다 못하네.. 스토리가 갑자기 중구난방으로 흘러가고 중간에 살짝 지루했음 역시 전편 뛰어넘는 속편은 터미네이터2 뿐인가..
위키드,"1편을 봤을 때의 소름끼치는 면은 없었고, 전체적으로 급전개 느낌, 뮤지컬처럼 너무 급하게 진행되는 느낌이 있다. 시간을 좀 줘야 감동이 오는 장면에서도.. 일편 러닝타임보다 짧던데 그냥 비슷하게 해서 내지라는 생각도 들었다. 캐릭터가 이해가 안..."
위키드,너무 사랑해서 인생까지 뒤바뀌어버린 두 친구
위키드,뮤지컬 팬은 그냥 광광 울게돼... 1편과는 다른 분위기인데 눈과 귀가 계속 즐거움
위키드,그런데로 볼만은 했습니다. 아리아나 그란데의 연기가 인상적이었습니다.
위키드,오히려 1편보다 시간 빠르게 간거같은데 뭐 스토리 개연성이 어쩌구함. 전체관람가에 뭔 스토리를 바람....노래좋고 반전도 좋고 스토리도 괜찮았음. 괜히 댓글보고 안봤으면 후회했을듯.
위키드,"엄청 재밌기만하구만 무슨 ㅋㅋㅋ 대-단하신 원작충, 평론가병 걸린 사람들 참 많네"
위키드,기대 안하고 봐서 그런지... 나름 재미있었다
위키드,편집의 불편함 . 1편보다 끊김이 느껴져서 아쉬움. 그래도 뮤지컬에서 볼 수 없는 드넓은 공간과 그래픽 즐기기에는.좋다
위키드,아리아나 너무 이쁘고그래픽도 좋고 곡도좋음
위키드,위키드 1편도 2편도 둘다 너무 좋았습니다!!
위키드,2025년 최고의 영화에요ㅠㅜㅠ
위키드,나쁘지는 않은데 1보고 기대가 컸는지 생각보단 아쉽네요
위키드,사랑보다 우정이 제일 빛나는 영화
위키드,1을 한 번 더 보는 게 나았을 듯
위키드,위키드 팬으로서 2부는 원작 스토리도 읭스러운거 감안하면 전반적으로 영화화의 최선이라고 느꼈는데양자경 왜 캐스팅함 진짜 발성;; 다들 뮤지컬 하고있는데 혼자 코노오셨네
위키드,와~~ 이거 평점 왜 낮아요?진심 감동적이고 멋진 영화였습니다.저는 1편보다 더 재밌었어요!!내용 개연성도 좋고 스토리도 너무 잘 만들었어요. 영화관에서 상영시간이 적은것부터가 이해안되네요~방금 보고나온 후기입니다.후기 잘 안쓰는데 평점 낮...
위키드,영상미와 음악은 전편이 더 좋았다. 아쉬운 2편
위키드,원작이나 뮤지컬은 못봤지만 너무 재밌었어요. 2엄청 기다렸었는데 생각보다 빨리 개봉해서 반가웠구요. 배우들 음색 너무 좋습니다ㅠㅠ 엘피 흑화?하는 장면 젤 멋있구요. 피에로 살짝 밉지만 잘생겨서 용서가 돼요ㅋㅋ어떻게 이렇게 각색을 했을까 ...
위키드,아리아나 그란데의 목소리와 마지막 장면이 매우 훌륭하나 그것만으로는 1편에 비해 부족하다
위키드,위키드는 말해뭐해 영화관에서 봐야지
위키드,너로 인해 난 달라졌어 영원히
위키드,등장인물들의 캐릭터성과 감정선이 곧 개연성이 되며 화려한 영상미까지 합쳐져 뮤지컬 영화의 최고점을 보여주는 듯 함
위키드,기대를 살짝 내려놓고 보면 볼만하다..
위키드,기대를 너무 해서 그랬나 좀...
위키드,"너무 감동적인 영화였어요1편을 더 깊게 이해할 수 있게되었고 2편과 연결되는 구성이 좋았어요연기자들의 모든 멘트,대사들이 40중반 넘어선 제 인생과 접목시켜 깊게 와 닿는게 많았어요 아이들은 이해하기 어려운 어른들을 위한 찐영화"
위키드,첫 관람땐 뭔가 모를 실망이 컸었는데.. 점점 위며들었는지 2회차 뛰고 난 후 마음은.... 뭔가 그냥 아련하다. 진정한 선함.. 두 사람의 언리미티드한 우정... 5명의 회상 장면이 두고두고 그립겠지.
위키드,1편보다 훨씬 재밌었는데 반응이 별로여서 놀랐음 스토리를 대략 알고 보는 입장에서 오히려 1편은 좀 늘어진다고 생각했는데 2편은 재밌게 봄
위키드,어떤 변화를 만나게 되더라도 너를 만나서 다 괜찮아.
위키드,원작을 아는 사람들에게는 15000원짜리 갈라쇼 보는 느낌. 전반적으로 무난한 영화.
위키드,노래 가사들도 참 아름답고 감동적이네요. 동화같은 내용인데도 배우들 연기에 몰입하게 합니다. 오즈의 마법사가 이렇게 연결될 줄은 상상도 못했네요. 처음에는 남자 주인공이 이해가 안되었는데 영화가 끝날때 쯤에는 서쪽마녀의 매력에 푹 빠졌네...
위키드,내 엘린다 행복하게 해주세요 시작부터 엉엉 움 개봉 전부터 특별관에 자막 더빙까지 n차 예매해놨는데 최고의 선택이었다 다들 두번 보세요ㅠㅠ 볼때마다 오는 감동이 다름
위키드,그러니까왜두편으로나눠서만들어두편으로나눌거면짧게라도만들어
위키드,세상을 더 좋은 모습으로 바꿀 수 있는 것은마법이 아닌 선한 마음이다.
위키드,전작을 재밌게 봤고 2편을 기다리며 위키드 뮤지컬도 본 상태라 후반부 내용을 알고 보았지만 기대만큼 재미있었다. 뮤지컬보다 화려한 영상 긴 플레이타임으로 내용을 조금 더 공감하기 쉽게 풀어냈다. 연기도 좋고 OST도 좋고 흠잡을데 없는 마무리였다!
위키드,뮤지컬에서 볼수없는 연출을 영화로 보니 너무 아름다웠습니다. 뮤지컬 원작 2부때는 서사가 더 급전개해서 충격적이었는데.. 영화에서는 좀더 보완된것 같아서 더욱 감동한것 같아요.
위키드,올해 최악의 졸작... 지루하고 내용은 난잡하고 개연성도 없고 억지 감동 쥐어짜내려고 우정놀이만 하는데 뭔가싶다 역대 최악의 영화중 하나입니다
위키드,원작의 한계를 그대로 따라가버린 아쉬움
위키드,인물들의 감정선에 공감이 안돼서 몰입이 잘 안됐습니다. ost도 1편에 비해 파워가 약하게 느껴져서 기대한 것 보단 좀 아쉽게 감상했습니다...
위키드,Wicked: For Good2025
위키드,2도 재미있게 잘 보았습니다 신시아 사랑해 아리 사랑해
위키드,노래 너무 좋아서 영화 볼 맛 나요.
위키드,존추 아리 신시아 이 세명 만남 너무기쁘다
위키드,진짜 내 인생 최악의 영화.. 평 한번도 님긴적 없는데 진짜 보다가 뛰쳐 나기고 싶더라
위키드,1편은 정말 동태눈으로 보고 왔었는데 오히려 2편이 좋았다
위키드,스토리는 1편에 비해 조금 아쉬웠지만 노래는 좋았음
위키드,1편보다 못한 2편이지만 봐서 나쁠건 없음.
위키드,돌비시네마에서 꼭 보세요 노래가 차원이 달라요
위키드,우정과 사랑이 좋았는데 영화 자체는 조금 평범해진 느낌이었다
위키드,확실히 1에 비해 덜 재미있긴하지만그래도 나름 재밌게 잘 보고나왔어요
위키드,오즈의마법사 스핀오프편인거죠?도로시 토토 허수아비 양철나무꾼 겁쟁이사자동쪽마녀의구두!! 오즈 갑자기 개과천선을..1년동안 무슨일이...
위키드,2편 내내 쌓아놓은 갈등구조 설정 중요한 요소들 죄다 딸깍으로 얄팍하게 해결해버리는 모습이 경악스럽다.
위키드,"노래가 좋음,, 포굿은 근데 오즈의 마법사 내용 어느 정도 알고 가는게 좋을듯"
위키드,전편보다는 부족하지만 좋은 마무리눈과 귀가 즐거웠습니다
위키드,"1편을 전날 후루룩보고 2편을 오늘 바로 봤는데 괜찮았습니다 .1편에 비하면 좀 급작스런 전개, 살짝 이해안되는 행동들이 있지만 좋은 노래로 잘 환기했고 글린다의 성장이 돋보였습니다. 다만 뮤지컬영화인데도 사운드가 좀 아쉬웠어요."
위키드,재미없다고 하는 분들은 대부분 뮤지컬 안보신분들인것 같습니다. 21년도에 뮤지컬 봤던 사람으로써 영화화 정말 잘한 작품이라고 생각됩니다. 애초에 뮤지컬에서도 1막에 화려하고 재밌는 연출 및 노래들이 많고 1막보다 짧은 2막에서 스토리 전개가...
위키드,이 정도면 뮤지컬 영상화의 또 다른 성공사례!
위키드,전체적으로 1편이 더 낫지만 엔딩은 좋았습니다
위키드,영상미가 다했음.. 재밌게 봤어요!!
위키드,1편에 비해 여러모로 아쉬운 속편
위키드,평점 보고 볼까말까 하다가 봤는데 저는 너무 재밌게 봤어요! 개인적으로 1편보다 더 흥미진진했어요 1편은 마지막 부분에만 터진느낌이였는데 이번편은 계속해서 폭발하는 느낌이랄까?? 1편 ost 너무 좋아하는데 더 자주들을거 같은 ost는 2편 인거...
위키드,원작팬이라면 어떻게든 서사 심폐소생술해보려는 노력이 느껴져서 참 감사함 마지막 쇼트는 원작팬에 대한 헌사 그 자체임
하얼빈,억지 신파를 배제하고 담담하게 표현한 연출이 오히려 마음을 울렸습니다. 너무 잘 봤습니다.
하얼빈,몇번 전투씬빼곤 너무 노잼 중간에 잤음담배피는건 무슨씬마다 계속나오고 배우들이 아까움
하얼빈,댓글 알바들이 왤케 많지;;;;제작비에 비해서 내용이 너무 없었고 말타고 폭약 구하러 정XX 만나러 갈때 지루해서 잠깐 졸았어요 역사 이야기지만 울컥한 장면이 하나도 없었음....
하얼빈,훌륭한 미장셴과 연기천천히 밟고 나가는 전개가 좋았다.도파민에 절여진 현대인들에게는 조금 슴슴할 순 있어도 개인적으로는 만족스러웠다!다들 직접 보고 판단하시길!
하얼빈,그저 이토히로부미 암살로만 알고있던 사실에 수많은 이들의 희생과 각오가 있었음을 배우들의연기와 영상미를 통해 알게 되었습니다
하얼빈,평점10점가슴이 먹먹하게 애국심 불타오르게 합니다!!!이 영화를 평점을 낮게줬다는건 밀정인가요?
하얼빈,"그때 그 시대의 참혹했던 현실을 사실적으로 잘 표현했다고 생각하고, 보는 내내 마음이 무거웠어요. 그 분들의 희생을 잊지 않겠습니다."
하얼빈,"하얼빈에서 독립투사의 운동을 몰입해서 봤는데, 영상미 덕분에 감정표현을 더 잘느낀것같아요제가본 상영관에선 훌쩍거리는소리도 들렸고 .. 바쁘게 살면서 역사를 잊은 자신을 생각해보게되더라구요지루하다라는 평을 남긴분들은 안중근의 이야기..."
하얼빈,독립운동의 역사를 진지하고 단백하게 다룬 영화입니다. 희망적인 미래를 그리기 어려운.. 칠흑과 같이 어두운 미래와 두려움을 이겨내고 최후의 순간까지 포기하지 않는 독립운동가분들의 희생에 감사합니다.
하얼빈,"역사 영화 좋아해서 역사영화 나오면 죄다 보고, 특히나 하얼빈은 안중근의사 이야기를 다룬데서 너무 기대하고 봤는데요.제가 본 그 어떤 역사 영화들 중에서 제일 별로였어요..시크릿가든에서 현빈배우님 연기 너무 잘하셔서 기대했는데, 안중근의사라..."
하얼빈,잔잔하지만 울림이 있다. 우리가 잊지 말아야 할 질문들을 말하고 묻는다.
하얼빈,"보아야 할 영화, 잊지말아야 할 역사 추천합니다."
하얼빈,독립전쟁을 한폭에 그리고 영화적으로 배경은 흘러가고 안중근의 말은 독백처럼 명료하게 들린다. 절제 속에서 터져나오는 뜨거움이 마치 내가 그 선택에 순간에 놓인듯 계속 긴장하게 만든다.
하얼빈,말이 필요 하나요 지금 이 시국에 필요한 영화입니다 꼭 보시길 바랍니다평가 절하하는 평점은 무시 하셔도 됩니다
하얼빈,나라를 위해 목숨 바치신 순국열사님 들 고맙습니다.
하얼빈,영웅 영화랑 비교가 되는데~감동과 재미가 아쉽네요~연기는 좋으나 스토리의 아쉬움~이
하얼빈,배우들의 연기. 웅장한 음악. 그리고 영상 무엇하나 빠지지 않고 볼수있는 영화였어요. 완전 영화몰입감 최고!!
하얼빈,모든 독립운동가 분들에게 감사합니다대한민국만세 !
하얼빈,사실적으로 표현하려다가 너무 많은것을 놓친건 아닌지
하얼빈,"현빈보다 이동욱이 더 기억에남는..크리스마스이브에 오빠랑 보러가서 조금 졸다 나왔어요 ㅠㅠ 엥?갑자기 이런부분이 있기도하고,,중간에 쓸데없는 이 장면을 왜이렇게 길게 내보내지??했습니당 ..이런 리뷰 첨 써봅니다"
하얼빈,솔직히 저는 별롭니다 전반적으로 지루했고 개인적으로 좋아하는 우성이형은 왜 등장했은지 모르겠고 괜히 오프닝에 일본포로 안죽여서 이 사달이 나냐고 이거 맞냐고 대한독립만세!
하얼빈,이시국에 감동적으로 볼수있는 영화독립운동가님들 감사합니다
하얼빈,일단 영화 배경 색갈이 어두워서 영화관에 있는데도 잘 보이지 않았고 전체적인 스토리가 이해가 안됨 이야기 중점이 결국 이토 히로부미 암살인데 그걸 잠깐 스쳐지나가고 가상의 인물이 있는 이유가 전혀 이해가 안되였고 스토리 흐름 자체가 낄낄빠...
하얼빈,"이미 영화로 많이 다뤄진 주제와 인물이지만 여타 영화보다 인물들의 고뇌를 많이 담은 영화.. 음악과 영상미, 연기도 최고였습니다."
하얼빈,옛날에 그냥 살기도 힘든데 독립운동하면서 어떻게 삶을 살았을까 너무 먹먹하다.
하얼빈,인물들의 심리와 시대상황을 빛으로 표현한 영상미가 압권
하얼빈,정말 러닝타임 2시간중 1시간30분이 너무 힘들엇음... 시작하고 1시간이 엄청 고비임 나갈까말까 생각함... 딱 영화판 평양냉면임 나한텐 불호 그잡채
하얼빈,"역사가 스포라고 하지만 거사를 치룬 안중근의 마지막 외침, 절규에서 눈물이 나오더라. 각 배우들의 명품 연기와 탄탄한 스토리, 광활하고 아름다운 풍경을 담은 영상미까지..! 연말에 너무 좋은 영화였습니다"
하얼빈,현빈을 보며 안중근의사가 떠오르지 않아...
하얼빈,흠... 영상미에 신경쓴거... 그리고 음.. 어떻게.. 쉴드가 안 됨
하얼빈,"""독립영화"" 라서 보기는 했는데정말 정말 별로임..."
하얼빈,요즘 나라가 어수선해서 애국하는 마음으로 올만에 영화보러왔는데 독립군들은 대단하네요.. 감동적이에요
하얼빈,..실망 전개가 뭔지 잘 이해가 안가는영화
하얼빈,저는 재미있게 보았씁니다. 영화가 담백하고 무섭고 진중합니다 배우들의 연기도 좋았고 영상미도 좋고 올해 좋은 영화가 나왔습니다.
하얼빈,"유재명 배우 첫 등장부터 보는 내가 다 든든하고,, 마지막에 기사 첫 줄 말할 때 나까지 같이 울컥함담담하게 감정을 누르는 연기가 너무 와닿았음"
하얼빈,"한 사람이 대의를 위해 선택해야 했던것들, 그리고 그 사람이 사람들을 만나 이룬 것들. 그 모든것을 가능하게 한 ‘고결’ 이라는 것의 가치는 지금 얼마일까. 현재 우리는 그렇게 이룬 터전에서 그에 걸맞는 개인으로서 우리 삶을 살아가고 있을까. 별에별..."
하얼빈,현상황과 오버랩되연서 마음이 아프지만 참~~감동적인 영화 오랫만인것 같아요
하얼빈,영상미도 음악도 좋았지만 배우들의 연기가 훌륭했어요 특히 마지막 현빈 연기는 처절했습니다
하얼빈,"역사가 스포이고, 도파민 폭발 시키는 자극적인 구성도 없고, 화면도 거의 흑백인데... 2시간이 어떻게 지나갔는지 모를 정도로 몰입했다. 요즘 같은 시국에 투지가 활활."
하얼빈,신파없이 담백하게 연출해서 더 좋았어요. 영상미와 음악도 너무 훌륭ㅠㅠ 여운이 남아서 생애 처음 같은 영화 3회차 관람하러 갑니다
하얼빈,개봉당일 본게 이리 후회될줄은 최악임
하얼빈,영화 보는 내내 울화통이 터짐..이게 결말을 아는 이야기라 더 그랬을지도. 그리고 걍 입닫고 무한감사만 하게됨 지키자 우리의 봄
하얼빈,리뷰보고 기대 없이 갔지만 저에겐 정말 재밌는 영화였습니다.
하얼빈,"왜 제목이 '안중근'이 아니고 '하얼빈'인지 알겠다...빌드업이 느리고, 중간중간 긴장감 있는 사건이 없어 지루할 수도 있다. 뿐더러 관객들이 가장 기다렸을 하이라이트 장면을 너무 죽여서 마치 비계없는 살코기만 먹은 느낌."
하얼빈,숨막히는 하루하루의 무게에 눈물이 계속 났는데.. 마지막 클로징 멘트에 폭풍 오열.... ㅠㅠ 감사하게 살아야지...
하얼빈,그냥 안중근의사의 다큐멘터리가 더 감동이 될듯 욕은안나어지만 잠은 온다 너무 느린전개에 감독은 그냥 멋진 장면 연출하는데 온신경을 다쓴듯
하얼빈,좋아하는 배우 본다는 생각에 뭔가 설레고 기쁜 마음이였는데 영화를보고 후회했다 뭘기대한건지... 누가 연기하고 누가 만들었든지 상관없이 안중근 이름은 슬플수밖에 없는데.... 아침부터 먹먹하다
하얼빈,영화가 끝나고 나오는데 어느 누구도 말을 하지 않았다. 아니 말을 하지 못했다. 나를 포함 다들 겸허한 마음으로 극장을 나왔고 그리고 나는 다시 한 번 대한민국의 독립을 위해서 힘써 주시고 싸워 주신 독립 운동을 하신 분들과 또한 가족 분들의 희...
하얼빈,오히려 담담하고 조용해서 더 울림이 있고 눈물이 나요. 외롭고 힘든 그길을 기꺼이 가주신 안중근 장군님과 우리 조상님들 감사합니당. 감사한 마음으로 살아가겠습니당.
하얼빈,아들과 봤습니다까레아우레가 우렁차게 장내를 휘감을땐 온몸에 털이 다 서는듯한 전율이...그분의 고귀한 마음을 어찌 다 알겠나만은 참으로 전달이 잘 되도록 잘 만들어진 영화입니다.
하얼빈,신파없고 과잉애국심 없이 담담히 그려낸 시대의 아픔과 고뇌 인간적 갈등
하얼빈,까레아 우라! 까레아 우라!!
하얼빈,오늘 여자친구랑 보고 왔는데 왜 평점이 낮은지 둘다 이해 못했습니다. 지루하다고 하는데 도대체 어느 부분에서 지루하다는건지 모르겠습니다. 영화 소재가 독립운동입니다. 저는 보는 내내 손에 땀을 쥐고 때로는 소름돋으며 긴장감 넘치게 봤습니다. ...
하얼빈,겉멋만 가득한 씨제이 자막 추가하길
하얼빈,영화관에서 돈내고 보지마라. 이영화를 보지않은 모든이들에게 진심으로 충고한다.
하얼빈,"탄탄한 출연진과 감독에 오랫동안 기다리고 기대했던 영화인데 너무 실망스러웠습니다. 자칫 안중근 의사가 감성적이고 우유부단한 인물로 비춰지기도 한 것 같아 정말 아쉬웠습니다. 거사에 대한 고뇌와 계획에 대한 꼼꼼함도 전혀 그려지지 않고, 갑자..."
하얼빈,작전의 실패보다 안중근의 두려운 얼굴을 오래 보여주는 방식을 선택한 이 영화가 정말이지 마음에 든다
하얼빈,그렇게 열심히 나라를 지켜주셨는데 이렇게 망때기로 살고있네요 너무 죄송해요 그저 죄송합니다...(조우진님 연기 정말 입틀막..)
하얼빈,아직도 끝나지 않은 것 같은 어떤 투쟁에 대하여
하얼빈,이 배우들.. 이 예산..이정도면 안중근 장군한테 사과해야한다.
하얼빈,오랜만에 평점과 감상평을 남기는데 영웅 안중근의사에 대한 시각적 영화를 너무 아쉽게 만들어서 안타까웠다 오직 생각나는건 공부인의 활약과 김형의 행동과 반성만이 기억이 남는 영화였다
하얼빈,"받은 것도 없으면서 무슨 일만 생기면 이상한 힘을 발휘하는 백성들그런 백성..그런 독립군이 한없이 자랑스러워지는 영화어떻게 지켜낸 나라인가..알려주는 영화, 강추합니다"
하얼빈,진정한 주인공은 조우진 배우님이 아닐지..
하얼빈,이토 히로부미 입을 통해 우리 국민이 위대하다는 사실을 확인했다. 안중근 의사의 입을 통해 과거의 영웅들이 현재 우리를 일으켜 세우고 나아가게 함을 확인했다. 최고다.
하얼빈,우리 선조들의 희생에 다시한번 감사드립니다.
하얼빈,"느닷없는 정우성 주정뱅이 연기에 몰입감 깨짐. 연기를 몇OO해도 안되는건 안되는구나. 나머지 연기자들 훌륭함. 특히 조우진,박정민. 볼만한 영화임."
하얼빈,나만 그런가 화면이 어두워서 배우들 표정이 잘안보이는데....
하얼빈,안중근 그리고 독립투사들의 외롭고 쓸쓸하고 고독함이 느껴졌어요 긴박감 있는 전개는 아니지만 영상미가 대박 ... 마지막 독백은 지금과도 맞물리는 ..
하얼빈,차가운 배경과 희미한 촛불. 황량하고 차갑게 뜨거운 영화. 추천합니다.
하얼빈,너무지루하고 내용도 그저그러네요
하얼빈,겉은 번지르르하지만 속은 텅빈 꼴
하얼빈,내 크리스마스를 돌려주시오...
하얼빈,안중근 나이 만30세에 대업을 이루었다. 귀하디 귀하다. 우리의 영웅이다.가슴 아프지만 그래서 우리도 가슴한켠에 항일의 씨앗을 심었습니다. 일본 놈들은 아직도 혐한으로 우리를 괴롭힌다. 저 위서 부터 아래까지 대한민국에 대한 열등감으로 엉켜있...
하얼빈,재밌게 잘 봤습니다 감동도 있어요
하얼빈,도마 안중근. 버려졌던 대한민국 사람이기 전에 그도 평범한 이립의 청년이었다.
하얼빈,한국인이라면 한번쯤 봤으면 좋겠다. 영상미도 볼만하다! 독립군분들 정말 감사합니다 ㅠ
하얼빈,8년전에 개봉한 '밀정'보다 한참 뒤떨어지는 실망스러운 영화. 영화를 만들다만거같아서 매우 실망했다. 이토히로부미저격씬은 이 영화에서 가장 공들여야할 씬인데 장난하나? 아니 위에서 조망만하면 어쩌자는거야? 저격해서 사살하고 이토히로부미 쓰...
하얼빈,고증은 너무나 좋으나 다큐로 찍어버린 영화
하얼빈,우민호 감독 영화는 항상 비싼 생선으로 끓인 매운탕 같다.
하얼빈,"무거운 주제를 무겁게 다루고 싶으셨던건지는 모르겠으나, 솔직히 재미는 없었습니다. 감동적이라는 평들도 있지만, 감동과 의미를 억지로 부여하는 느낌도 없지않아 있었고, 실화를 각색한 부분도 딱히 흥미롭진 않아서 이럴거면 완전 실화 바탕으로 ..."
하얼빈,내가 바라던 항일 영화. 군더더기 없이 고결한 안중근의 모습을 담았다.
하얼빈,1. 리뷰 중 두시간동안 배우들 담배 피는 장면만 본 것 같다는 말에 동의합니다 ㅎㅎ2. 영상미가 좋다는 리뷰도 동의합니다.3.지루하다는 리뷰는 저는 동의하지 않습니다. 하지만 같이 보는 와이프는 지루하다고 하더군요.저는 개인적으로 안중근의사...
하얼빈,감독도 배우도 다 뛰어나신데 영화가 왜 저렇게 나온건지. 뮤지컬 영웅 영화가 더 나은 정도임. 초기 전투씬과 안중근의 이등박문 척결장면 빼고는 남는 게 없음. 안봐도 될걸 영화관을 간건데 실망이 듦. 장면 장면 ost도 안어울리고 막 만든 느낌.
하얼빈,그냥 순수 노잼내가 풍경보러 왔나? 대사는 없고 풍경씬이 많음ㄹㅇ지루해서 졸다 옴
하얼빈,배우들의 절제된 연기가 오히려 당시 독립투사들의 인간적 고뇌와 심리묘사를 더 효과적으로 표현함
하얼빈,이건 진짜 심한거 같은데.. 안중근을 무능력자로 만들고 암살 순간의 묘사와 재판 과정의 굳건한 의지도 모두 없이 그저 무능력하게 동료의 도움에 의지해 총질한 사람으로 만들어놓음
하얼빈,"영상미 좋구요 안중근의 인간에 대한 신뢰, 사랑이라는 감정선을 따라가면서 보면 더욱 감동을 느낄수 있을거 같아요."
하얼빈,아 …태어나서 첨쓰는 댓글 …나만당할수없다 특별관에거 비싼돈쥬고 봤다 다들 꼭 특별관가서 봐라
하얼빈,안중근의사의 업적과 그 마음은 대한민국 국민으로서 너무 존경하는 바입니다.이 좋은 소재와 좋은 재료를 가지고 이정도밖에 못하고 이건 국뽕도 채우지 못했습니다.
하얼빈,영상미에 치중하다보니 스토리가 뻔하게 흘러간다. 같은 역사 같은 인물도 어떻게 다루느냐가 핵심인데..
하얼빈,"화면이 전체적으로 너무 어두워서 배우들 얼굴도 잘 안보일정도ㅠ누구나 알만한 뻔한 내용의 스토리라면 액션이나 감동이라도 살렸어야 하는데..무엇도 기대하지 않게 만드는 영화.액션,감동,긴박감,영상,스토리,어느하나 없는 영화.배우들이 너무 아까..."
하얼빈,다들 연기를 너무잘함. 한명도 빠지는 사람없음.눈물나게 감동적. 현빈의 안중근 찰떡!!재밌습니다. 꼭 보세요!!
하얼빈,"광활한 배경 속 의병어둡게 묘사된 그들이그 시대를, 애리는 감정을 너무 날카롭게 반영해서 슬프고 괴로웠어요.내가 양반이든 노예든 그게 뭐라고 나라를 바꾸려는 처절함, 하지만 너무 큰 세상 모두의 사연이 공감되고 슬프고 부끄러운 하루입니다."
하얼빈,"아무리 독립운동 영화라도 스토리 전개 너무 루즈했어요 현빈은 안중근 아닌 그냥 현빈 같았고 오히려 다른 배우들이 임팩트 있었구요 결국 캐릭터, 스토리 다 아쉽..."
하얼빈,까레아우라 외칠때는 머리가 쭈뼜쭈뼜했고 죽으러 올라가는 순간에 울컥하고...후반부는 괜찮았지만 초반 중반은 지루함이 있었네요영화보면서 조는 경우가 많진 않은데... 좀 아쉽긴 했습니다
하얼빈,방금보고왔음. 별점 높은거 말고 낮으거보면 거의비슷다큐나 일대기수준.. 액션이나 영화적 재미 없음.. 그나마 있는게 배신자찾기?정도.. 상업영화나 블록버스터 기대말길... 위인전..수준 백만 넘었다길래.. 개봉 며칠만에 걱정?을 뒤로하고 급히?봤는...
하얼빈,개봉 시기를 늦춘 덕분에 그 시절 영웅들이 크리스마스 선물로 우리에게 힘을 주고 가시네요. 좋은 영화예요!
하얼빈,2년전 개봉한 영웅과 비교할수 밖에 없네요. 많이 아쉽네요.
하얼빈,뉴라이트만 골라서 임명하던 내란의 우두머리는 이 영화를 극도로 싫어할 것이다.
하얼빈,영상미도 좋고 담백하게 잘 만든 영화
하얼빈,극장에서 지금 보고 나왔는데 지금의 우리를 있게 해준 그분들께 감사드립니다. 과하지 않은 연기가 더 감동적이었어요. 지금 우리시대에 해주는 말같아서 뭉클했어요.
하얼빈,영화 내내 버석하고 건조한 느낌이었는데 그 느낌이 오히려 안중근 의사의 마지막 외침과 나레이션을 더 깊이 와닿게 한다
하얼빈,영상미가 좋지만 재미하고는 거리가 머네요.
하얼빈,영화 끝나고 쉽사리 일어서지를 못하겠더라구요... 참으로 많은 생각을 하게 하는 영화이면서 참으로 잘 만든 영화
하얼빈,수면제 진짜잼없어 영웅이 훨씬남
하얼빈,영화가 차갑고 정적이지만 그 안에 울림이 크다
하얼빈,여러분들 저는 15살이고 역사영화를 별로 안좋아하는데 정말 긴장감있게 잘봤습니다! 평점1점들은 죄다 댓글알바같습니다 적어도 제생각은 그렇습니다
하얼빈,과거는 현재를 도울 수 있다. 죽은 자는 산 자를 구할 수 있다. 지켜온 것들을 앞으로도 지켜낼 수 있는 시대가 되기를
하얼빈,"300억으로 이런영화를?영상미 신경쓰다가 스토리와 감동은 어딜가고, 가상인물들이 영화를 이끌어 가고 있고, 너무 어두워서 누가 말하는건지도 모르겠음. 담배는 왜이렇게 피우는지.. 안중근과는 어울리지 않는 현빈의 연기.."
하얼빈,이거 진심이다.10점 준 애들이 알바다.너무 한거 아니냐??차라리 영웅이 100배 잼나다.ㅡㅡ
하얼빈,인간적인 고뇌가 느껴졌구요. 마지막 나레이션도 너무 감동적이었습니다.
하얼빈,늙은늑대의 후예 용산돼지도 처단하라
하얼빈,독립군의 희생으로 지금 저희가 이정도라도 살고있습니다
하얼빈,역사적 사실로 국민성에 기댄 영화 아쉬움이 많은 영화
하얼빈,지나칠 정도로 건조하고 숭고하지만 과장된 거 같지는 않다.
하얼빈,안중근 의사의 숭고한 정신보다는 연출에 힘이 너무 들어간 느낌. 스타일리쉬한 연출보다 안중근 의사의 내면에 좀 더 집중했더라면...명량의 연출이 얼마나 좋았는지 느끼게 한 영화.
하얼빈,안중근의사 역사영화라 봤는데 실망이다.처음부터 끝까지 지루하고 구성이 너무 빈약하다완전 비추천 한다.
하얼빈,주인공이 밀정인가스토리가 탄탄하지 못하고 영화가 지루함영상미는 괜찮음
하얼빈,영화를 보고 난 후 독립 운동이 얼마나 고통스럽고 처절했을지 생각해 보게 되었습니다. 그냥 훌륭하고 멋있는 영웅이 아니라 인간적으로 얼마나 힘들었을지 새삼 깨닫게 되면서 가슴이 아프더라고요. 안중근 의사를 비롯한 모든 독립 투사들의 가족들...
하얼빈,"""안중근은 어디 있나?"" 이 대사만 좀 덜 했어도"
하얼빈,"영화에 긴장감, 박진감이라고는 1도 없습니다 차라리 핑크퐁이 더 긴장감 있을듯(역사교사)"
하얼빈,한국영화중 영상과 음악적인 부분에선 독보적으로 탑이다...
하얼빈,처음부터 끝까지 전배우 담배 무진장 핀다....
하얼빈,이 시국에 더 와닿는 영화. 영화의 톤은 차갑고 건조하지만 뜨거운 애국심 일으킨다. 한치 앞도 안 보이는 어두운 상황에서도 꿋꿋하게 걸어나간 조상님들처럼 거지같이 길어지는 이 내란상황에도 꺾이지 않고 국민의 힘으로 내란세력을 꺾어버리는 ...
하얼빈,서늘했던 그 시절 용기내어 불을 밝혀준 독립군들에게 깊은 존경과 감사를 전합니다
하얼빈,연출과 스토리에 박수를 보내고 싶어요!
하얼빈,억지로 짜내는 신파가 거의 없는데도 진심으로 보면 눈물이 절로 납니다. 지루하다는 사람은 신파극을 봐야할듯
하얼빈,여운이 넘쳐서 쉽게 자리에서 일어날 수가 없었습니다. 까레아우라!
하얼빈,영화가 지루함 가득 너무 질질 끄는영화인듯 내용을 모르는분들이 없을건데..
하얼빈,졸려요. 너무 올드한 구성연출같아요.
하얼빈,진심으로 감독이 좋은 배우들 데리고 이 정도 아류작을 만들 수가 있나 싶은 정도 인물들의 갈등고조와 캐릭터의 내면을 이끌어 내지 못하며 누구나 예상하는 메세지만을 전달하는 국뽕 영화일뿐입니다. 디테일 연출 모든면에서 허접하고 전개역시 ...
하얼빈,때깔만 좋고 너무 담백한 맛이라 극보단 다큐 재연 보는 것 같다.까레아우라도 가슴이 뜨겁게 좀 더 살릴 수 있었는데 참 안타깝다.
하얼빈,길을 잃어도 어디로 향해야 할지는 분명하다
하얼빈,쓸데없는 장면이 많고 길어요. 배역들이 잘 맞는 것 같지도 않고 긴장감도 없어요.
하얼빈,끝까지 싸우지 않으면아무 것도 얻을 수 없다끝까지 싸우자
하얼빈,영상미는 좋았으나 임팩트가 없어서 보는동안 중간에 지루하게 느껴짐.
하얼빈,이런 묵직한 역사영화 넘 좋다.압도적인 이미지와 웅장미 그리고 현빈의 연기가 절정을 이룬다..
하얼빈,요즘이라서 더욱더 감동과 애국심과 나자신의 반성이 느껴지는 아주 멋있는 영화
하얼빈,영화가 건조함 그자체임 그리고 영화다보고나면 안중근역할한 현빈보다 조우진하고 박훈 캐릭터가 더 기억에 남는느낌
하얼빈,자막 좀 써주던가 음향에 신경을 쓰던가 뭔소리를 하는지 유추하면서 봐야해서 집중이 잘 안됨
하얼빈,평면적인 스토리라인 처음부터끝까지 동일한 긴장감과 무거운분위기개연성 없는 서사쓸데없는 프레임낭비 오랜만에 시간내서 영화봤는데 끝나는시간만 기다림ㅠ 안중근을 저런 반푼이로 묘사한다고??
하얼빈,화면이 너무 어둡고 누가 누군지 구분이 안됨
하얼빈,"안중근 소재 영화에 이런 점수 주고 싶지 않았지만 한국영화의 발전을 위해 어쩔 수 없다. 영화적 재미 제로, 대사 몰입감 꽝 그냥 봐준 영화다"
하얼빈,"좋은 소재, 적합한 시국.. 모든것이 갖춰졌으나 뭐라 딱 집어 표현하기 어려운 아쉬운감이 남네..."
하얼빈,최악의 영화...대사들도 촌스럽고...연기도 부자연...이동욱이는 갑자기 안중근 찬양...일본 형사는 안중근 바라기...한숨 나오는 영화
하얼빈,박정민연기가 빈틈을 다 메꿔줌
하얼빈,가족과 함께 잘 봤습니다 배우들 연기가 최고예요
하얼빈,1.신파가 아니어서 좋았음2.청소년에게 추천할만한 영화=> 평점 0 점 신경쓰지 말고 보세요3.대사들이 곱씹어보게 만드는 영화
하얼빈,카레 아우라 ~~ 화려하고 극적인 요소가 없어도 집중도가 어마어마 시간이 금방지나갔어요!
하얼빈,"인물들의 고뇌와 갈등, 희망과 좌절이 배우들에 의해 잘 전달 되는 올 최고의 영화."
하얼빈,연기는 좋으나 내용이 너무 간단하게 ㅜㅜ
하얼빈,이걸 어케 10점씩 주지 ?보다가 졸았음 사막 로케촬영간거 뽕 뽑으려고 의미없는씬 줠ㄹ라보여줌 덕분에 낙타 잘 감상했음 유치 그 자체씬 자체도 왜 존재하는지 모를 씬들이 너무 많음
하얼빈,"좀 지루하고 현빈, 이동욱들의 연기가 아쉽"
하얼빈,배우들의 연기는 뛰어났으나 스토리 전개가 매우 아쉬움 중간에 자기 직전까지 갔었음
하얼빈,이브날 덕분에 가족들이 펀안히게 잘 자다가 온듯
하얼빈,현빈 보단 조우진 하얼빈 보단 밀정
하얼빈,추천해요. 이 시국에 필요한 메세지를 담고 있어서 먹먹함과 감동이 배가됩니다.
하얼빈,흥행한 일제강점기 영화들 하나씩 넣고 부대찌개 끓임
하얼빈,"현재 분위기, 역사적 의미와는 별개로 영화는 별로라고 생각한다. 내부자들을 만든 감독이 마약왕을 만들었다는 걸 알고 어이가 없었던 적이 있다. 이 감독의 진짜 능력치가 어느 쪽인지 아직도 모르겠다..."
하얼빈,재미고 뭐고 그냥 봐야하는 영화
하얼빈,"인간 안중근이 살아내어야했던 시대를 경험할 수 있는 영화. 미장센도 연기도 대단한 작품. 특히 빛과 그림자를 토대로 연출한 장면의 미학이 대단히 섬세하다고 느껴졌고, 그러한 장면에서 훌륭한 연기력이 관객으로 하여금 몰입을 최대로 유도해낸다."
하얼빈,"연기와 연출, 음악과 스토리가 전부 완벽했던 영화. 그저 신파적이고 뻔한 역사 영화는 아니라는 점. 그들도 사람이었고, 그 덕에 우리가 이 자리에 설 수 있게 되었다는 거."
하얼빈,국뽕 특화 영화였는데 이도저도 아닌듯
하얼빈,"안중근이라는 영웅이 등장하지만 영웅이 등장하지 않는 영화. 화려함 대신 투박함 가득한 초반 전투씬은 웅장함보다 처절함으로 다가오고, 그 처절함이 그들이 텍스트 속의 영웅이 아닌 개인으로 존재하게 한다. 두려움과 공포에 짓눌리고 갈등하는 개..."
하얼빈,"요즘 같이 어지러운 시국에 더할 나위 없는스토리, 빛을 활용한 흑백의 미쟝센, 웅장한 사운드, 연극을 보는 듯한 연기와 연출!"
하얼빈,영상미 좋았고 비장했으나 다큐멘터리 같은 느낌.
하얼빈,가슴이 먹먹해집니다. 꼭보세요.잘살아야겠다는 생각이 듭니다.
하얼빈,너무기대했나봅니다 많이아쉽네요
하얼빈,댓글 처음 남깁니다. 대한독립만세!
하얼빈,"담담하지만 울림이 있는 영화, 우리나라에서도 이런 사운드랑 영상미 있는 영화를 볼 수 있어서 기쁘다"
하얼빈,모두가 아는 얘기라면 좀 다르게 접근했어야...
하얼빈,화면밝기좀 키워주세요 졸려요;
하얼빈,"다큐보는 느낌,네셔널 지오그래픽 보는듯한;; 10점 주는사람들 뭘 보고 10점 주는거지? 사람마다 보는관점이 다르겠지만 진짜 이건아닌듯.., 300억대 대규모 영화라했는데 굳이 필요없는 영상들도 가득 찬 느낌.. 기대도 했지만 진짜 지루해서 졸렸어요. ..."
하얼빈,별점 1점 주는 놈들이 댓글알바라고? 10점 준 애가 댓글알바가 분명함. 안중근이라는 소재를 이렇게 쉽게 써버리는 게 더 친일파 아니냐? 남산의 부장들 진짜 재밌게 봤는데..기대가 컸던만큼 실망이 더 큰 영화
하얼빈,"까레아 우라! 영화 강추. 뉴라이트 알바단 평점테러 믿지 마시고 꼭 보세요. 연말연시 가족,친구,연인과 함께 보기 좋은 역사 영화입니다. 휴머니즘적 인간 안중근 의사가 참혹했던 일제 식민지시기에 망국의 한을 풀고, 앞서간 동지들의 목숨을 헛되이 하..."
하얼빈,이건 다큐도 아니고...역사물도 아니고...난 촌스러운지 지루하고 긴장감 없고 감동도 그냥저냥..배우들 고생많았겠어요
하얼빈,"일단 가슴뜨거워지는 스토리도 스토리지만, 영상미가 대박이었음"
하얼빈,처절하고 처절했던 두려웠을 그들의 삶에 감히 경의를 표합니다..그들이 되찾은 이땅에서 잊지않고 열심히 살아가도록 하겠습니다
하얼빈,ㅇ ㅏ...음...ㅎ ㅏ...
하얼빈,영화가 재밌다 재미없다 라는 관점으로 보면 재미는 조금 없다하지만 현시국과 비교되며 독립을위해 목숨을 바친 이름없는 영웅들과 살기위해 변절하는 사람의 심정을 이해하면서 나라면 저시대에 어떻게 행동했을까 생각을 많이 하는 영화이다이분들...
하얼빈,기대했는데 전체적으로 아쉽네요.
하얼빈,내가 하얼빈 10점 준 이유?? 안중근에 대한 여러 콘텐츠가 있어왔는데 그의 고뇌와 이를 확장시켜 독립군들의 내적 갈등을 뚝심있게 영화화 함. 호흡이 느리고 드라이하긴 하지만 묵직하고 드라이한 와인 마시면 여운 오래 남고 고급스럽다고 느끼는 것...
하얼빈,"마지막 감동의 순간은 가슴을 울리나, 그 과정의 호흡이 너무 길고 지루하다."
하얼빈,"영화 ‘서울의 봄’을 12.3을 겪은지 한달도 안된 이 시점에 이 영화를 보면서 지금의 대한민국에서 내가 누리는 당연한 것들이 더 이상 당연하지 않다는게 정말 뼈저리게 느껴졌어요. 하얼빈은 아름답지만 슬프고, 암울하지만 지금 우리가 해야 할 것을 일..."
하얼빈,졸려요 너무너무 .. 진지함역사를 알고있음에도 국뽕이차올라야하는데이게 참.. 끝까지 어두움영화 중반 이후부터 사람들 다들 집중못하고 나가는사람도 많고 자는 사람도 많음
하얼빈,애국심으로봤는데..4점도 아깝다!!
하얼빈,네이버는 댓글 부대가 영화를 엉망으로 만드네요~~충분히 감동 적이고 잘만든 영화 입니다~아이들고 함께 잘 보았습니다~지금의 민주주의가 그냥 공짜로 생긴 자유가 아니다~
하얼빈,적절한 시기에 큰 울림을 주는 영화.우리도 끝까지 포기하지 않고 나아가겠습니다.
하얼빈,처음부터 과한 살육신에 독립운동가 안중근을 무슨 스파이처럼 만들어서 영화가 첩보물이 되었다가 개연성 없는 내용들 소설처럼 갖다붙여서 중간중간 지루하게 만들더니 억지 반일에 마지막엔 뜬금없이 왠 좌익 양념?? 배우들빼곤 정말 최악
하얼빈,이 영화 10점 주는 사람들 보나마나 알바일 거 같다... ㅠ 스토리가 빈약하고 무엇보다 재미도 감동도 없다... 배우들의 연기는 현실성 없는 말 그대로 연기다... 중간에 졸았다... 실망 ㅠ
하얼빈,이건 뭐 적당히 어두워야지. 뭐가 보이지를 않네.또 뭐라 웅얼웅얼거리는데 대사 전달이 재대로 되질 않음. 뭔가 아쉬움이 많은 영화
하얼빈,"웬만하면 평점 진짜 안 쓰는데 이 영화는 꼭 써야될 것 같아서 써봅니다. 중간에 잠들었습니다. 그만큼 스토리 전개가 루즈했었고, 화면이 너무 어두워서 배우들의 표정도 잘 보이지 않았으며, 몇몇 분들도 같은 말씀 하시는데 대사도 웅얼웅얼대는 듯..."
하얼빈,이 영화는 오락영화가 아니다. 대한민국 영화사에 남을 걸작 중 하나이다. 살을 에이는 듯한 겨울바람과 같은 일제 강점기 한가운데 들어온 듯한 생생함과 영원히 오지 않을지도 모르는 대한 독립의 그 날을 위해 자신을 포기한 우리 선조들의 절박함이...
하얼빈,마지막 내레이션 뭉클 ㅠㅠ 비싼카메라로 찍었다고 현빈 유퀴즈에서 봤는데 배경(사막 얼음) 웅장하고 음악도 런던오케스트라!
하얼빈,"그들도 사람이었기에 느꼈을 내면의 갈등과 고뇌, 그럼에도 나아가고자 했던 믿음과 용기"
하얼빈,혹자는 무미건조하다고 했지만 오히려 너무 드라마틱하지 않게 보여준 것이 더 절박했던 당시 시대감이 느껴졌어요.모든 인간의 생명을 존중한 훌륭한 인물임이 다시금 울림을 주었습니다.
하얼빈,아마 우리의 기대는 안중근이었을텐데 끝나고 깨닫게 되는거지 아 하얼빈이었구나.
하얼빈,맨 위쪽에 있는 감상평 보면 평점 1점 준 댓글보고 알바냐고 하던데 오히려 그런 댓글이 알바인듯.영화에 대해 비판적인 감상평 알바를 누가 굳이 쓸까...?오히려 영화 제작사 측에서 좋은 평 자작하는 알바를 쓰겠지...①이토 암살과 관련해 중간 중간 가...
하얼빈,한국사람이라면 꼭 봐야할 영화. 보는내내 가슴 뜨거워짐. 영상미. 거기에 현빈 이동욱 비쥬얼까지 완벽.
하얼빈,영화 이상의 의미. 목숨조차 두렵지 않은 그들의 신념에 경의를.
하얼빈,이 내용으로 이렇게 재미없을수가 있을까 싶다
하얼빈,"잔잔하다 루즈하다 이런 평이 많던데 전혀 졸리지도 않았고, 정말 몰입해서 잘 봤습니다. 배우들 연기도 너무 좋았어요. 밀정 암살 이런류 중 제일 좋았습니다."
하얼빈,진부함 그자체. 또 다른 희생자가 생기지 않길 바라며
하얼빈,관객이 각색을 눈치채는순간 몰입감이 확 떨어지는데 이 영화는 눈치챌만한 장치들이 많다. 영화(감독예술)를 보러온거지 연극(배우예술)을 보러온게 아닌데 자꾸 영화스크린에서 튕겨져나온다
하얼빈,영화는 단백하다. 사실을 직시하고 있다. 전쟁은 개싸움이다. 다만 이등박문이 말하는 조선인에 대한 해석이 슬프다. 우리 민족은 지도자보다 우리 민초들 스스로 지켜왔다는 역사적 사실이 지금도 적용된다는 것이.
하얼빈,역사를 이용한 감성팔이에 구식 연출. 최근 본 영화 중 가장 별로였음
하얼빈,사운드에 신경쓴게 느껴지고담백하게 잘 만든 영화
하얼빈,수백 년이 지난 지금도 어리석은 왕과 부패한 유생들이 나라를 망치고 있구나.
하얼빈,신파를 많이 뺐지만 영화적으로는 아쉬운점이많았습니다
하얼빈,내용이 너무 아쉽다배우들이 담배만 피다가 영화 끝남…
하얼빈,처음 씬에서 처절함을 느꼈습니다. 어떤 독립영화에서 보다 그 순간의 처절함을 드러냈던거 같습니다.그리고 결말만 생각하고 단순히 대단하다를 넘어 그 분들도 좌절하고 두려하고 힘들었을 그 순간들을 절절히 느꼈습니다.그런 희생에도 바로 빛을 볼...
하얼빈,가슴 먹먹한 역사를 기억하며 배우들의 열연과 영상미가 감동이네요
하얼빈,"재미도 감동도 없이, 과도한 진지함만 가득 들고 오로지 관객의 국뽕에만 기댄 영화."
하얼빈,너무 아쉽네요.배우들 해외로케 음악 배경 등 모든게준비되어있는데 뻔한 스토리에이해안가는 단순한 전개가 정말 아쉽네요.300억이라....
하얼빈,선조들의 희생으로 지금의 대한민국이 존재있는것에 감사함을 느끼는 영화였습니다.
하얼빈,독립투사 들이 피우는 담배는 상징입니다. 독립투사들의 담배같이 수명이 짧았다는 것이지요. 불이되어라 하고 말하는 장면이 있는데 담배는 독립군들이 하나의 작은 불이라는 상징입니다. 활활타는 불이아니라 숨죽여 피우는 작은 불... 그렇지만 뜨겁...
하얼빈,감동 입니다 그냥 보세요 악평하는 사람들 뭘본거지ㅉㅉ 영화관 다 차서 봤는데 조는 사람 없었어요
하얼빈,영상미 원툴 대사는 문어체같은 이질감
하얼빈,끝까지 싸우지 않으면 아무것도 얻을 수 없습니다.
하얼빈,독립운동가들의 감사함을 되새기게 해주는 좋은 영화입니다. 그분들이 얼마나 힘들고 외로웠을까 생생하게 느껴져 마음이 먹먹하고 눈물이 났습니다
하얼빈,영화라기보다는 그냥 다큐멘터리 같았어요 저는 영화를 보러간것이기 때문에 조금 실망했습니다.
하얼빈,크리스마스에 여동생이랑 교회 갔다가 롯시에서 보고 왔어요! 100여 년 전 나라를 위해서 희생한 모든 분에게 감사와 영광을 돌립니다. 대한독립 만세!
하얼빈,너무 상업적으로 만들었는데 갑자기 밀정 나오는것도 재미를 위해 끼워맞춘거같고 폭약 찾으러 가는 씬도 굳이 그렇게 길게 필요 없었을 거 같은데 안중근 재판 씬은 있겠지 싶었는데 없어서 의아했네요. 지루할수있는 부분은 다 지우고 상업적인 요소...
하얼빈,지금 살고 있는 이 하루가 거저 주어진게 아니다.
하얼빈,이순신 영화도 이렇게 만들면 아무도 안 본다
하얼빈,"최루성 국뽕 없이 절제미 있게 잘 만든 영화. 내가 본 역사적 인물이나 사건 다룬 영화 중에 이 정도로 세련되게 푼 국내 영화 오랜만에 본 듯함. 확실히 음악도 그렇고 덩케르크나 1917스러운 느낌 있음. 한 인물에 대한 우상화된 조명이 아니라, 앞서서 ..."
하얼빈,담백하고 정적이네요 화면이 어둡고 대사가 조금 안들립니다
하얼빈,불을 밝혀야한다 사람들이 모일 것이다..
하얼빈,코레아 우라 외칠때 눈물 흘렸음..왜 그런진 모르겠는데 눈물이 났음..
하얼빈,"내셔날지오그래픽인가싶다. 드라마도, 배우들의 목소리톤도 실망스럽다. 특히 너무 잘생기고 인간에 대한, 배신자와 적병에 대한 인류애로 가득찬 고귀한 안중근은 억지스럽기까지 하다. 적을 응징하는 분노와 감동도 없고 불필요한 신이 너무나 많다. ..."
하얼빈,카레이우라도 있지만 김상혁의 깨달음이 이 영화의 울림이었다
하얼빈,감독님이 영상이나 씬연출을 잘하셨고 음악은 좋았어요 근데 스토리가 산만하고 안중근에 대한 조명이 부족해요 많이 부족합니다 연기는 박정민배우님이 너무 잘합니다 현빈배우님은 연기가 별로 안 와닿아요 그래서 많이 아쉬웠어요
하얼빈,지루한 역사책을 보는 거 같았다. 재미와 감동 요소가 너무 적다.
하얼빈,좋은 배우님들과 명품연기. 그럼에도 불구하고 너무너무 지루해서 힘들었습니다.
하얼빈,"안중근 영화 ""영웅""을 생각하면서 이 영화를 기대하면서 봤는데 너무 지루하고, 초반에 잠이 들었네요뭘 이야기 할려는지, 시종일관 지루하고... 암튼 비추합니다."
하얼빈,"요즘 시국이 정말 와 닿는말 ""조선이란 나라는 어리석은 왕과 부패한 유생들이 지배해온 나라지만 국난이 있을때마다 이상한 힘을 발휘한단 말이지."""
하얼빈,다른 시각에서 하알빈에 집중된 사건을 보여준거라 난 괜찮던데. 안중근의 이얘기 저얘기 다빼고 하얼빈 사건만 집중한듯.
하얼빈,이 이야기를 가지고 이렇게 재미없게 만들기 쉽지 않을텐데
하얼빈,영상미는 있으나 내용전개 지루..홍보성 알바글들이 많네요.보는 내내집에가서 오티티로 밀정이나 찾아봐야지했던 ...300만어떻게 넘었는지몰라
하얼빈,멍청한 왕과 부패한 유생들은 다 도망가고그저 내 나라를 지키고 되찾으려는 일반 의병들의 고뇌에 찬 이야기가 현 시국에 어떤 마음가짐으로 살아가야 할지곰곰히 생각하게 해준다.올해 봤던 한국영화 중 1위
하얼빈,굉장히 몰입하여 관람했습니다.그시절 독립군들이 이역만리 타국에서 얼마나 고생하셨을지 감히 짐작조차 가지 않네요ㅠ
하얼빈,꼬레아우라 꼬레아우라 꼬레아우라
하얼빈,"첫날 봤는데 다시 보고싶은 영화! 이 시기에 절묘한 영화! 연기와 스토리가 집중력 있는 영화! 눈물도 웃음도 없는데 오히려 감동적인 영화! 지금 이 시대 늙은 여우는 누구인가? 깨어있는 국민이라 자부한다면, 꼭 한 번 봐야할 영화, 하얼빈."
하얼빈,안중근의 고뇌 고통 아픔 그 묵직함이 그대로 느껴지는영화에 감동받았습니다 마지막 장군의 대사는 지금 이 시국에 모든 국민들에게 들려주는 메시지입니다 그분들이 온생명을 바쳐 지킨 우리나라 우리가 지킵시다!!!
하얼빈,"모든 안중근 의사를 다룬 영화중에 가장 인간 안중근을 연기, 연출로 잘 표현한 영화로 본것 같습니다. 감사합니다."
하얼빈,영화를 보는내내 부족한짜임새와 맞지 않는 스토리 안중근의사 의 소외감... 300억은 기차와 마차와 말과 함께 사라지고 사막에서 말타고 가는장면은 황야의 무법자음악과 어울릴듯
하얼빈,감상평 테러를 하고 싶을 정도로 재미가 없었다. 언제 끝나는지 군대 말년시절 흘렀던 시간보다 느리게 간 적은 처음이다. 1점이 아니라 0.01점을 주고 싶다.
하얼빈,"일반적인 재미를 기대했다면 다소 실망할 수 있겠지만, 그걸 바라고 본 영화가 아니었기에, 너무 좋았다."
하얼빈,카레아 우레를 계속 외치는 안중근 씬에서울컥 눈물이.. 순간 그 순간 안중근의 심정이 느껴지는듯한 감정에 눈물이 났네요. 배우들 연기 모두 쵝오. 그때 당시의 인물들 마음상태 심리 상황등을 잘 나타내줘서 기존 전쟁 장면 위주의 영화와는 달랐다는 ...
하얼빈,아니.. 300억 들였는데.. 왜 영화를 이렇게 밖에...그나마 연기자들은 연기를 잘했는데 연출이 꽝
하얼빈,안중근의 영웅적인 전투신을 기대하지 말고 언제 독립될지 모를 어두운 시대에 고뇌하는 독립투사들을 보시길. 가슴이 먹먹했습니다. 죽은자들이 산자를 돕고 있는 지금 더 감사함을 느꼈어요
하얼빈,사실 재밌다고는 못 하겠다. 오락영화로는 좋은 점수는 못 주지만 그래도 '위국헌신 군인본분' 이 말을 다시 생각하게 하는 안중근 의사의 의거는 작금의 사태를 보면 더욱 우리에게 깊은 울림을 준다.
하얼빈,영화는 잘 모르겠지만 개봉 시기는 매우 적절한듯...
하얼빈,"배우들의 연기와 감독의 섬세한 연출, 영상미에 감탄이 나왔고 독립투사들의 고뇌와 고통이 느껴져 눈물이 났다.숭고한 희생과 고결한 영혼"
하얼빈,지루할 수가 없구만 누가 지루하대...
하얼빈,"묵직하고 담백한 연출이 오히려 좋았다. 웅장한 영상미와 음악이 더해져, 점점 뜨거운 마음으로 몰입하게 된다."
파묘,중반까지는 봐주겠는데 뒤로갈수록 이게뭐지 배를 끌고 산으로 가고있어~도저히 내머리로는 이해불가 뭔가 목적을둔 냄새가 나는 영화라는 생각을 아직도 머리속에서 지울수가없다 배우들은 일류인데 내용은 삼류
파묘,"""몰입감 있게 잘 만든 오컬트 항일영화 느낌"" 주인공 모두 실제 독립운동가 이름+차량 번호판 모두 광복절,삼일절 의미+미국에서 잘 살고 있는 친일파 후손들+음양오행을 이용해 말피로 타고 있는 사무라이(불+금속)를 독립운동가 도굴꾼 곡괭이(물..."
파묘,용두사미 차라리 한시간짜리 영화였다면 어땠을까
파묘,곡성급을 기대했는데 중후반이 별로네요. 완성도는 사바하가 더 나은듯
파묘,무지성으로 그렇게 개연성 없이 관뚜껑 열거면 그냥 최민식이 완강하게 주장해서 여는걸로하지
파묘,"초반부터 긴장감으로 몰입되어 시작해서 시간 가는 줄 몰랐고, 배우 연기들도 너무 잘해서 더 재밌게 본 것 같아요!"
파묘,제대로된 동양 오컬트. 처음부터 끝까지 완전 몰입하면서 봤다
파묘,이게 어떻게 8점 후반대 영화냐 최민식 유해진 써서 이렇게 노잼인 영화 첨 봄 유치하고 뻔하고..
파묘,"중반까지 화면에 집중하게 만드는 나름의 분위기와 배우의 연기력이 제법 돋보였었음. 근데 어느순간 이게 3류 미국 공포영화가 돼버리고, 결말도 별다른 의미도 감동도 없이 끝나버리는데,,,보면서도 와 이게 아닌데,,,왜 갑자기 이런식으로 이야기를 ..."
파묘,"개연성 부족, 토속신앙 극혐, 사무라이 키 고증 부족"
파묘,"토속신앙 오컬트를 기대했다가....로보트 태권브이, 우뢰메 보고 나온 느낌..."
파묘,음악감독님 진짜 열일하심근데 뭐지 개꿀잼 몰카인가? 이게 왜 평점이 높죠?
파묘,"이도현이 수술중일때 김고은이 한 대사는 누가 한 말일까요?무당하겠다고 왔는데 그렇게 반대했을때 ""나만 있으면 겁날게 없다고 했는데"" 이 대사를 이도현이 김고은한테 했던 말일까요, 김고은이 이도현한테 했던 말일까요?가족 논쟁중입니당...두명..."
파묘,"천만 갈 영화인진 잘 모르겠다. 볼만한 정도,,"
파묘,이야기가 맥락도 없이 일본귀신 타령 ㅜㅜ
파묘,아주 좋아하는 장르의 영화를 신파로 만들어버리네 너무 아쉽다 어설픈 반일운동은 이제 그만
파묘,"전반부는 곡성, 후반부는 천박사 연구소..."
파묘,갑작스러운 반일전개 오컬트의 탈을 쓴 2024년 독립호소 영화임.
파묘,대중성을 좇아서 그런가 너무 얕다. 설명이 필요없는 아주 친절한 영화. 차라리 드라마로 제작되었다거나 외전 포함해서 러닝타임이 더 길었더라면 하는 아쉬움. 김고은 + 이도현 듀오의 엠지 무당이 새롭긴 했음. 스토리는 글쎄... 전작들에 비해 몰입도...
파묘,배고픈 아버지의 묫자리 탈출기
파묘,중반까지 흡입력은 대단하긴 한데 내막이 드러나면서부터 시큰둥해지는 게 단점.
파묘,갑자기 장르가 바뀌는 영화 ㅋㅋ
파묘,생각지도 못한 전개라.. 당혹스러움.... 초반에는 궁금해하면서 집중해서 봤는데.. 후반부로 갈수록 멍....
파묘,그냥 그래요 후반부는 별로입니다
파묘,반일영화 보러 간 건 아니었는데 ㅎㅎ 내용이 산으로 감
파묘,파묘에 관한 얘긴줄 알았는데 일본귀신나오면서 흠...
파묘,굿판 실제로 경험하는줄알았다..다들 미쳤다 몰입감 장난아니였음 장재현감독님 이런영화 또 만들어주세요!!
파묘,평점이 높길래 기대했는데 아쉬웠음
파묘,전체적으로 난잡했음 뭘 말하고 싶은지 모르겠다
파묘,"천만관람영화라고 해서 봤는데...나는 완전사기당한 느낌이고, 일행은 돈받아도 안보겠다고 평을 하고...미신,무속 이런데 무심한사람은 절대보지마세요~"
파묘,처음은 좋았어요 그런데 후반이 이게 뭐야...
파묘,좋은 요리에 다른 양념을 끼얹으니..그야말로 니맛도 내맛도 아닌 맛 완성~
파묘,사무라이가 쇠말뚝 귀신이 되어 우리나라 정기를 끊는다?
파묘,굳이 스토리를 중간에 비틀었어야만 했나
파묘,내용도 별루고 이야기 전개도 이상해요. 비추
파묘,이게 귀신영환지 괴물영화인지...
파묘,볼게없으니깐 이게 400만가네;;
파묘,공포영화였다가 중간부터 판타지영화로 바뀜
파묘,연기들은 다들 잘한다 초반까지는 재미있고흥미 있다 일본 도깨비는..참..허무 했다..다소 아쉅다ㅠㅠ 그나마 연기자들 보고 기대 했는데기대가 커서 실망도 크다ㅜㅜ
파묘,후반부에 장르가 달라지는 느낌이었습니다
파묘,파묘라는 소재가 초반흥미롭고 연기나 연출도 좋지만 중반이후는 개연성도 없고 일제 쇠말뚝이라는 소재를 접합하고 사무라이등장하는등 총체적 난국임
파묘,중반부터 뭐지~~하다가 결말은 실소가터짐ㅋ기대했는데 실망이큽니다
파묘,중반까지는 흥미진진하게 잘 보다가 후반에 괴수물로 바뀌는거 같아서 후반이 좀 그렇군요. 그리고 너무 어두운 장면이 많아요. 제목은 파묘 (부제: 사무라이 고스트)로 해서 일본 개봉을 기대합니다.
파묘,각 챕터별 유기적 연결이 없는 기계적 배치와 급발진 스토리. 오컬트 장인보다는 오컬트 아집에 가깝다.
파묘,초중반까지 좋은영화..그 녀석이 나오고부턴 뇌절
파묘,분명 호불호가 갈리는 영화but 장재현 감독의 오컬트는 단순하지 않아서 늘 좋다
파묘,보고나니 사바하가 얼마나 잘 만든 작품인지 깨달았다.
파묘,생각보다 안 무섭고 쉬운 영화였다
파묘,일본 얘기나오자마자 진짜 산으로감...그때부터 노잼입니다
파묘,후반부로 갈수록 지루하고 초반에 비하여 연출이나 나용이 아쉬웠습니다.
파묘,와 걍 지려버렸다. 모두 다 좋은데 특히 사운드가 압권임 소리가 너무 좋아서 극장에서 보길 잘했다고 느낌. 장재현의 오컬트는 뭐 말해 뭐해 연기들 걍 다 미쳤고
파묘,영화의 허리에서 기대가 실망으로
파묘,오컬트와 국뽕 사이에서 길을 잃다.
파묘,다 알바이신가요…. 진짜 알바가 있나봐요
파묘,뭔가 존잼일거 같았는데 일본귀신 나올때부터 별로였어요. 그래도 소문 잘타서 영화관 사람 꽉참ㅋㅋ
파묘,"최민식 유해진이야 뭐 연기 말할것도 없고. 김고은 대살굿 소름끼침. 최민식이 칭찬한 이유가 있었네.초반에 너무 무서워서 의자 잡고 봤음. 조상, 무덤, 굿, 지형 등 암튼 우리나라에서만 만들수있는 K오컬트 영화. 잘봤습니다"
파묘,중반까지는 좋았으나 뒤로 갈수록 힘이 빠져서 아쉽습니다.
파묘,영화 초중반까지는 괜찮았는데 중후반이 좀 별로네요
파묘,오컬트로 시작해 애국으로 끝난다.
파묘,평점보고갔는데 앞1시간은 재밌고 그 뒤부턴무슩내용인지도 모르겠다 졸았다
파묘,최홍만이 나오기전까지는 매력있엇음
파묘,초중반까지는 진짜 수작중후반은 글쎄..? 흠... 진짜 흠...
파묘,"쇼박스 오프닝 흑백으로 나올때부터 끝날때까지 긴장감을 놓을수 없습니다 무속신앙, 미신 등을 2시간짜리 넘는 이야기로 만들고 눈으로 볼수있는 연출력이 대단한 영화였습니다"
파묘,처음은 몰입도 좋았는데 중간부터는 전개가 이상하게 흘러가는듯
파묘,스토리가 중간에 산으로~ 맥락 없이 좀비물이랑 강시선생 짬뽕
파묘,앞부분 반만 재밌었던 영화....ㅎ 그래서 별점도 5점.
파묘,사무라이 나올때부터 내용이 산으로 감 그전까진 나름 좋았는데
파묘,진짜사무라이 나오기 전까진 혼자 못자는줄 알았는데...왜 일본귀신으로 했지..
파묘,"돼지우리 속 크리처 나올 때 음? 였다가 사무라이 나오고 으음?? 했는데, 쇠말뚝 등장하며 모든 스토리가 수긍 가능했음. 하 친일파 청산을 제대로 했어야 하는데.."
파묘,진짜 허접하다;; 솔직히 저정도 연기를하는 배우들을 데려다 놓고 이따구로 졸립고 유치하고 내용없는 영화 만들기도 쉽지가 않다.
파묘,파묘가 시작되고 나와서는 안될 것이 나왔다.
파묘,"이것은 오래도록 기억될 오컬트 대작이자, 아직도 아물지 못한 상처로 피흘리는 한반도를 위한 위령제이며, 수속성 인챈트 나무 빠따로 세상을 구하는 이야기."
파묘,진짜 1시간 30분쯤에서 영화가 끝났어야 해요..그때까지 잠 못자겠다 했는데 끝에서 와장창 깨짐...감독님이 너무 욕심 부리신 듯..
파묘,평점에 거품이 잔뜩 낀 영화. 잘 나가다가 중간에 감독이 바뀐 듯
파묘,이게 도대체 왜….? 보다가 웃음 나옵니다
파묘,파묘 감독 묫자리 파묘하고싶네
파묘,아니 이게뭡니까 지루했어요 돈아까웡 !
파묘,배우들의 시너지가 참 좋았는데 갑분 사무라이ㅜ
파묘,그냥 안무서움 ㅠㅠ 할배귀신도 무서운지 몰겠고 무사 나오고는 그냥 괴수영화 느낌
파묘,일본장군이 아니고 차라리 음양사가 구미호를 이용해 허리를 끊었다고 하지 뜬금없이 장군이 왜 나와...
파묘,처음 한시간은 재미 그 뒤로 중구난방... 너무 많은 내용을 넣은 느낌
파묘,곡성으로 시작했다가 프레데터로 끝난 느낌... 배우들의 연기는 좋았지만 스토리는 영..최민식 형님이 왜 이런 작품 골랐는지 의문
파묘,중간까지는 그나마 나았음 중후반 해리포터인쥴
파묘,아... 내가 너무 이상한건지.. 믿기지가 않는 평점.. 관객수..정말 보는 내내 불편했다 없는 것 투성의 영화..감동 재미 공포. 최민식 유해진 배우님 연기 본 것으로그냥 저냥 마음을 달래고 극장을 떠났다영화는 좋은데 나랑 안맞은 걸로.
파묘,"2시간 넘는 상영 시간이 지루하지 않았습니다. 보고 나서 집에 갈 때 찜찜한 그런 공포 영화는 아닙니다. 배우 모두 연기 좋고, 영상미와 연출 모두 좋았습니다. 영화 끝나고 '잘 만들었네!' 라고 생각."
파묘,천만까지는 턱없이 부족한..케이컬쳐의 그레이드 하락 느낌..솔직 리뷰
파묘,영화를 10등분해서 7까지는 재밌었는데 3은 왠지 김빠지고 하네요중간 중간에 빠진듯한 느낌
파묘,초반재밌었는데 사무라이 나오자마자 무슨 우렁찬 진격의 거인...짜게식음 ㅠ
파묘,온몸이 쑤시네... 파스값이 더 나오겠다
파묘,말해 뭐해 나 파묘 볼려고 작년부터 기다렸음
파묘,무섭고 불길한 공포를 기대했는데 뜬금 반일영화 같아서 실망. 공포영화로서는 감독의 전작 사바하가 훨씬 재밌음. 확실한건 귀신은 말을 안해야 무섭다.
파묘,"솔직히 잘 했다고 보기힘들것같다. 연기는 당연히 믿고 가는것이고, 마지막 설정은 정말 애매한 부분이 많다고 생각이 듭니다.ㄱ"
파묘,ㅋㅋㅋ사무라이 도깨비씨 나올때 에엥? 했지만 결말까지 보면 일본 잔재를 파묘? 한다는 의미도 있는 것 같아 나쁘진 않았고 꽤 몰입해서 봄
파묘,걍 배우들 연기가 아깝다 파묘 감독은 늑대사냥 감독이랑 친구임? 아직 안 본 사람들 내 댓글 좀 봐줘라 걍 무료로 풀리면 보셈
파묘,용두사미 중후반까지는 용인줄.결말은 뱀...
파묘,전반적으로 훌륭한 분위기 조성과 배우들 연기력에 비해 마무리가 다소 아쉬운 영화
파묘,곡성 감성 기대하며 봤는데 일본귀신이 웬말 1인당 4.5만 좌석에서 봤는데 30분 남기고 그냥 나옴
파묘,예고편보고 정말 기대하던 작품이었는데 조금은 아쉽네요.
파묘,나올때 스트레칭 꼭 해줘라 나도 모르게 내 몸 어딘가에 힘이 쏠려있다
파묘,영화 시작되자 마자부터 완전히 몰입해서 봤습니다. 그리 무섭지는 않았지만 계속 궁금해지는 스토리와 배우들의 OOO기에 빨려들어 보았습니다. 영상미와 음악도 뛰어났습니다. 후반부 전혀 예상하지 못한 전개와 전반보다는 조금 느슨해진 느낌도 ...
파묘,중반까진 괜찮았는데 후반으로 갈수록 어? 싶어지는…이런 장르를 잘 안봐서 그런지 막 재밌다고 느끼지는 못해서 아쉬움.하지만 배우들의 연기력엔 지적할 점이 1도 없었음
파묘,한식집 갔는데 초밥 먹고 온 기분
파묘,일본 사무라이 도깨비가 영화 질 다 떨어뜨리네 이 감독은 사바하때도 그렇고 공포 연출을 직접적으로 너무 노출해서 보여줘서 영화를 다 망치시네
파묘,앞엔재밌었고 뒤는 음...글쎄
파묘,"자기들끼리는 심각한데, 보는 사람은 지루하다."
파묘,장르 SF판타지 영화임. 진짜 OOO기 영화다.절대 속지마세요. 댓글알바들임
파묘,초중반까진 현실적인 요소들로 기괴한 분위기를 잘 형성하여 몰입도가 높음. 후반부엔 초자연적인 요소와 진부한 메세지 덕에 몰입감이 떨어짐.
파묘,일본 사무라이 나오기 전 = 와 개재밌당 오...나온 후 : 하... 뭐하자는거냐
파묘,"검은사제들, 사바하 중에서제일 떨어지네요ㅜㅜ"
파묘,그럭저럭... 배우들 역량에 비하면 엉성하다
파묘,초반에 흥미로웠던 거에 비해 중반부터 지루하고 유치해짐 배우들이 아까워요.. 재밌다고 해서 기대하고 봤는데
파묘,나홍진 감독의 곡성이 얼마나 잘 만든 영화인지 다시 한번 느낄 수 있는 영화
파묘,첫느낌과 전반부는 몰입과 흡입력 너무 좋았습니다.그런데!! 사무라이 등잔씬부터는 영구와땡칠이를 고퀄리티로 만든듯한 느낌적인 느낌이었습니다ㅜㅜ아쉽습니다...ㅜㅜ
파묘,ㅋㅋㅋ 중후반까지는 재밌음. ㅋㅋㅋㅋ 근데 은어 러버 사무라이 나오고 나서부터 내용이 산으로감 ㅋㅋㅋ
파묘,"중반까지는 긴장감 있었으나, 일본 장군 씬부터 어이 없음과 뻔한 스토리를 엮어 놓은 듯.."
파묘,귀신은 실체를 보기전까지가 가장 무서움. 모습을 드러내는순간 팍식는건 어쩔수 없는듯. 그래도 등장인물마다 캐릭터성이 정말 좋음. 검은 사제들때도 그렇고 트렌디한 인물들을 정말 잘 만들어내는듯. 이것만큼은 요즘 영화에서 보기힘든 장재현감독...
파묘,사람이 죽어서 묻히는 묘는? 다이묰ㅋㄲㅋㅋ
파묘,몰입하느라 손에 땀남…. 장재현 폼 미쳤고 최민식 김고은 유해진 이도현 조합 넘 조아따… 또봐야겟다
파묘,초중반부까지 10점 도깨비불부터는 5점
파묘,"볼 생각 없었는데 어떤 정신나간 인간이 좌파 영화라고 해서 얼마나 좌파영화인지 보러갔다. 좌파영화는 무슨. 우파영화다. 문화적 상대성, 가족, 민족정기... 진짜배기 우익들이 다룰 소재들로 범벅인 우파영화를 좌파영화라고 하는 놈들은 가짜 우파라..."
파묘,곡성같은 공포스릴러를 생각했는데 중반이후 갑자기 뭔 반일 영화로 변질되더군요. 곡성처럼 약간의 늬앙스만 풍기면 더 잘나왔을 영화가 무슨 2m장신 사무라이 괴물 영화로 변질된 느낌입니다. 반일정서도 적당히 녹여내야하는데 굳이 일본이 무슨 ...
파묘,한식 코스요리 나오던 중 갑자기 초밥나오고 우동으로 마무리되는 느낌..
파묘,더 파헤치고 싶은 영화. 민족 아픔을 형상화 한 것일까 오컬트적 요소의 극한일까. 보고나서 더 궁금해지는 영화
파묘,A급에서 급 B급 됨. 초반 1시간만 볼 만 해서 아쉬움.
파묘,"차기작 내놓으라고 소리치고 싶음...너무 재밌다.. 이게 한국 오컬트지예..장재현 감독이 만들고 최민식 김고은 유해진 이도현이 나온다? 사실 이것부터 말이 안되거든요,,,결과물 확인하니 더더욱 말이 안되거든요,,,조조로 봤는데 사람들 다 와...하면서..."
파묘,잘나가다가 중후반부터 왜 그람?? 거품흥행
파묘,감독 진짜 대단하다 배우 네명을 어케 다 살리지 쥰니 재밌음
파묘,그럭저럭 볼만은 한데 어느 순간 영화적 재미보다는 메시지전달을 목적으로 진행된다는 느낌이 강함
파묘,요새 얼마나 볼 영화가 없었으면....이런영화가 천만이라니....
파묘,천만영화라고 무지성으로 보는건 아니라는걸 깨달았습니다. 잡귀주제에 사람을 마구 죽이는게 판타지에 가깝지 않은가 싶다
파묘,쫄보도 혼자 볼 수 있습니다 겁내지 말고 가세요!
파묘,초반부 좋다가 후반부에 갑자기 일본 최종보스 그거 뭐임? 또 한탕 장사 하면서 돈놀이 하는 사람이 후손들 물려줄 땅이라고 갑자기 애국자 코스프레 하는거 나만 이상한가?
파묘,이 영화는 보면 볼수록 그리고 곱씹을수록 숨겨진 의미가 너무나 감동이다. 알려지지 않았던 우리의 민족투사들을 상기시켜준 대단한 영화다.
파묘,2시간 반이 순삭! 한동안 심장이 두근댈 것 같아요공포는 아닙니다.그냥 재밌어요
파묘,배우분들 연기는 대단한데 제 취향이 아니네요 후반도 좀..
파묘,초반부만 좀 흥미롭고 갈수록 무리수인 전개.
파묘,"이 이상의 몰입감을 느낄 수 있을까? 싶을 정도로 강렬했던 전반부, 갑자기 다른 방향으로 달리기 시작하는 후반부"
파묘,"훌륭한 전반부, 아쉬운 후반부."
파묘,최민식이 김고은을 왜 극찬 했는지 알겠더라... 신들린 연기 대박!!
파묘,"한국 무속 신앙 처돌이로서 조조로 바로 땡기고왔습니다 기대했던 대로 잼있어요 하지만 심야괴담회급 공포처돌이들 한테는 하나도 무섭지는 않은 영화입니다ㅎㅎ 무서운걸 기대하신다면 실망하겠지만 우리나라 무속신앙+사바하,검은사제들류를 좋..."
파묘,그놈으 한일전 내용이 점점 산으로 감ㅠ기대해서 그런지 실망이큼
파묘,"제목부터 재밌을 주제라 기대했음. 중간까지 정말 무섭고 배우분들 연기가 대단해서 결말이 더 궁금했는데, 근거없는 거짓말을 메인줄기로 잡으면서 확 깸. 은근슬쩍 반일 껴넣기 한게 너무 보여서 실망해버림. 마지막엔 정말… 막판보스 깨기 느낌으로 ..."
파묘,곡성을 기대했는데클레멘타인이 나옴
파묘,"시작은 창대하였으나, 끝은 미약하리라!"
파묘,배우들의 연기력에 의해 간신히 끌려나가는 영화. 관객 수가 많아 내심 기대하고 봤는데 기대 이하였다는 생각이 드는 건 좀 아쉽다.
파묘,김고은 진짜 신병 들린줄... 김고은 다른데서 봐도 장면 계속 생각날거같음..
파묘,중간까지는 진짜 재미있었음 중간까지만...감독님 전작들보다 별로였음솔직히 왜 천만인지 이해 안되는 퀄이지만 내가 마이너겠지
파묘,보기전에 사무라이얘기가 뭘까했는데보고나니 이해됨 사무라이 이전까진 나름 볼만했음 사무라이등장부터 장르가 그냥 어휴….
파묘,감독 본인이 밝혔듯 오컬트 좋아하는 기독교인이 만든 영화. 일본 관련된 모든 것만 안 들어갔으면 소재는 곡성 수준인데...심지어 일본 관련은 공부도 안하고 대충 집어 넣음. ㅋㅋ 쇼군(국무총리격)과 다이묘(쇼군이 지명한 10만 영지 영주)가 같다고...
파묘,점점 산으로 가는 스토리와 드러나는 유치함
파묘,곡성 + 검은 사제들. 단역들의 연기까지 진짜 미쳤어. 근데 cg는 개판. 2015년에 개봉한 영화 대호의 호랑이보다도 cg가 떨어져. Cg에 자신이 없었으면 차라리 개들을 몇 마리 풀어 놓든지. 그리고 곡성의 일본배우 분장이 훨씬 더 뛰어나. 그 공포의 대상...
파묘,"처음에 잘 진행되다고 일본도깨비.도깨비 불.전설의 고향 느낌.배우들 연기력은 좋은데,원가 아쉬워요"
파묘,초반 잘나가다 갈수록 전개가 좀 예상외입니다... 마무리도 그렇고
파묘,음... 귀신인지 뿔난괴물인지 나올때부터 유치해짐 뭔가... 스토리도 별로.. 그냥 실체없는 귀신 이야기로 가는게 더 무섭고 재미있을듯... 스토리나 연출에 비함 배우들이 아까울정도...극장안 여기저기 어이없는 탄식이 나옴ㅋ
파묘,기대를 많이 해서 그런지는 모르겠지만.. 초반부에서 중반부까지 너무 지루해서 영화보다 잠들뻔.. 그리고 사무라이 나올 때부터 이후까지도 재미없었어요.. 연기자분들의 실력은 너무 좋았지만…
파묘,초반 30 40분 몰입. 그 다음은 공상 과학영화 느낌. 사바하는 찐인데 파묘는 그닥
파묘,전작들에 비해 대중에 가깝게 다가가려는 노력이 보였고 그 지점에서 전작과 같은 장르적 재미를 기대했던 나로서는 그냥 평잼... 검사제나 사바하 엔딩크레딧 올라갈 때 느꼈던 신비로움과 여운을 파묘에서는 느낄 수 없어 아쉬웠음. 영적 존재의 연...
파묘,"배우들 연기도 연기인데,, 감독은 이제 오컬트 경지에 오른듯 ㄷㄷ.."
파묘,김고은의 연기가 엄청 일품임 그리고 나름 스토리도 괜찮으
파묘,진짜 수직관 전까지는 오컬트 최고였는데 사무라이 나온순간 특촬물로 장르변경ㅋㅋ늑대사냥급이였음ㅋㅋ
파묘,초반 몰입감은 기대가 높았으나 그후 스토리 진행이 너무 진부하고 영구와 땡칠이 귀신버전같음. 저런 명배우들을 투입해서 이정도 수준밖에 안되는 영화를 만들어야하나 싶음. 정말 소름끼치게 불필요한 장면들.. 내인생에 최악의 영화임. 정말 중간에 ...
파묘,연기는 최고 어두워서 안보이는 장면이 많았음
파묘,"이거 평점이 왜 높은지 이해할수가 없다. 몇가지 자극적인 소재를 주축으로 온갖 잡다한 의미부여 뿐인 영화임. 화려한 배우라인과 그들의 괜찮은 연기빼고, 스토리는 어이없을정도로 개연성 없으며 연출은 소름이 돋을정도로 유치함. 한국 영화의 몰락..."
파묘,곡성을 기대하고 갔다가 전설의고향 극장판을 보고옴
파묘,최근 영화관에서 본 영화 중 단연 1등입니다.
파묘,중반까지만 볼만함. 이후는...
파묘,아니 내가무식한건지.. 정확히 사무라이귀신 나오기전까지 오 스토리 신선한데? 가다가 점점 잠이들었다.
파묘,일본 장군 등장하기 전까진 재밌었어요.. 그후에 도저히 몰입이 안 됨 ㅜ
파묘,욕심이 많으면 영화가 산으로 간다
파묘,예상보다 더 스토리가 급변하네
파묘,은어를 기져왔느냐…소서리스 파이어볼…
파묘,심장이쫄리다가벅참. 심장아픈영화
파묘,스토리가 전환됨에 따라 영화의 초중반을 이끌던 몰입감이 힘을 잃는다
파묘,사무라이 부터 영화가 이상해짐 좀비물인줄
파묘,한국영화의 고질적 문제점… 뒷심 부족!!! 영화 ‘잠’도 그렇고 초중반부까진 괜찮다가 왜 항상 막판에 가서… ㅠㅠ
파묘,설마 아니겠지 아니겠지 했지만 그거맞음 그리고 끝남…
파묘,예고편 나오는 내용까지만 흥미롭고 중후반부터 이게 뭐야;; 당황스러웠음
파묘,하남스타필드 메가박스 4월 21일 17:10 맨 좌측 맨 뒤 즈그집 안방처럼 떠들어대던 불륜커플 아지매 아재 도깨비 조심하쇼
파묘,무덤이 뭔 도라에몽 주머니도 아니고 파도파도 계속 뭐가 나오니 오히려 긴장감이 떨어진다.
파묘,공포물은 아니고요 그냥 잘만든 특촬물입니다. 조선영능레인져 같은느낌으로 보세요. 나쁜 일제를 마구 떄려줍니다
파묘,1부 에피소드 끝나고..사무라이 나오기전까진 긴장감대박..2에피소드 왜 사무라이 나오고 그전묘주랑 먼사인지도 않나오고 머냐 18!!
파묘,생각보다 재미가 없었어요좀 졸았습니다
파묘,초중반은 너무 좋았는데...반쪽짜리 영화
파묘,장제현 감독은 오컬트의 장인인듯.. 엄청난 조사와 자료확인을 했다는것이 디테일애서 보여진다. 캐릭터가 살아 있고 끝까지 긴장감을 놓지 못하는 스토리.. 한번 더보면 또다른 재미를 발견할듯
파묘,연기는 역시 ... 내용이 먼가 많이 이상하구 중간을 생략한 느낌 진짜 산으로 간다...
파묘,영화 내용이 산으로만 가네 하 ㅋㅋㅋ 이게 뭔내용이여
파묘,왜이리 평점이 높지.. 갑자기 내용 산으로가고 뭘 말하고싶은지도 모르겠고 무섭지도 않음. 배우들 연기만 그나마 볼만함
파묘,후반부 개에반데.. 연출이랑 스토리가 산으로 가다못해 탈출함.
파묘,딱 중간까지는 흥미진진한 오컬트에서 갑자기...
파묘,배우들의 연기는 너무 좋음 . 하지만 뒤로 갈수록 약간 엥 .. 하는 그런 느낌을 받음
파묘,초반엔 흥미롭게 보다가 일본악마 나올때부터 별로 재미가 없었어요
파묘,두번째 관 열리기 전까지는 정말 긴장되고 재미있었는데...우리나라 영화는 일본 없으면 영화를 만들지 못하는지 안타까워요...갑자기 반지의 제왕 좀비 비슷한 일본 사무라이가 나와서 당황했습니다...판타지 영화 느낌 났어요ㅠㅠ
파묘,이게 왜 8.3 까지도 되는지 모르겠음 ㅠㅠ 마지막에 판타지 처럼 되고 ;; 유치 하고 무섭기만 하고 재미 없었습니다..김고은 님과 유해진 님 때문에 참았어요ㅠㅠ
파묘,평점 너무 높아서 조절용으로 1점줌. 장군님 나오기전까지 좋았다;; 갈수록 내용이 좀 뭥미?임
파묘,훌룡한 배우들이 안타까울뿐... 초반전개는 괜찬은듯햇는데... 어째 중반부터 점점 시나리오전개가 산으로 가는게 너무안스러웠다. 너무 억지스러운 사무라이등장도 그렇거니와 중후반전개를 좀더 고민했다면 좋앗을듯 좋은 배우들 아니였음 영화 망햇을듯
파묘,하여간 못된것들은 몽둥이로 두들겨 패줘야한다. 인간이던 귀신이던 매 앞에 장사없다.
파묘,와~ 그냥무섭기만 한것보다 의도있는연출이 기막히고 보이지않는것의공포를 넘어서는 창초적인시도가 넘 보기좋아 별다섯개박습니다 배우분들의 연기는 너무 기막히고요 조연들까지 대박입니다.
파묘,완벽할뻔했던 한국형 오컬트 영화에 겹쳐보이는 명량 후반부
파묘,아주웰메이드까지는 아니지만 간만에재밌게봤어요 ㅋㅋ 이게 MZ무당인건가
파묘,초중반까지는 좋았는데 후반에 망침.이런영화가 흥행하기엔 잘만든 영화와 드라마가 넘침.
파묘,뭔가 잘 가다가 갑자기 확 꺽네 그려 그래도 지루함은 1도 없었음
파묘,역대급 평점 알바!제대로 낚였다딱 6점 정도용두사미 영화
파묘,전후반의 전환으로 감상이 극명하게 갈린다
파묘,굿하는 장면 기대했는데 …그냥 테크노댄스같아서 피식웃었고 뒤로 갈수록 그냥 장르가 뭔지 ..뭔말하는것지 엉키더라구
파묘,연기력은 좋으나 스토리는 산으로 갑니다 이런 장르 영화는 아직 곡성 따라올 작품은 아직 없네요
파묘,"중반까지는 패딩 뒤집어쓰고 봤고, 후반으로 갈수록 그냥 봄. 너무 많은 요소를 담아 설명하기 바쁨. 초반 스토리가 아깝다 ㅠ"
파묘,초반에 비해 후반부 전개가 아쉬웠지만 김고은 연기가 너무 좋음... 굿 하는 장면 다시 보고 싶어서 2차 뛰어야 될 듯
파묘,삽질 하나는 개잘하네 몇미터를 판거야
파묘,간만에 평점쓰네.. 이걸 500만이나 봤다고?
파묘,후반에서 호불호 갈림.. 그래도 난 재밌었음
파묘,앞부분은 너무 좋았는데 뒤로 갈수록 힘빠지네요
파묘,곡성으로 시작해서 귀멸의 칼날로 끝나는 영화
파묘,스산한 분위기로 잘 끌고가다가 중반부터 힘이 빠짐
파묘,연출도 유치하고 내용은 뭘 말하고자 하는지 모르겠음 걍 감독 뇌 상태가 미스터리임 돈 버리기 싫으면 다른 리뷰에 속지마세요
파묘,감독 좋아한다 그래서 이번에는 말을 아낄게다만 스토리는 아쉽다는 말을 안할수가 없네사무라이 나오고 영화 산으로 간다는 평에 나도 한표
파묘,걍 오컬트 탈을 쓴 각시탈이네 미국까지 단숨에 간 손오공 조상님 보면 드래곤볼인가
파묘,김고은 진짜 신들린거아님? 연기 미쳤다
파묘,"꽤나 과감한 시도가 있던 영화. 스토리에서 마치 뒤통수를 때리는 느낌이 많이 든 작품이다. 장르가 점점 바뀌는 느낌이라 나에게 있어서는 꽤나 불편한 느낌이었다. 허나 토속적인 우리나라 민속 신앙을 이용한 스토리는 꽤나 재미있었고, 감독님이 꽤..."
파묘,일본이 이 영화를 싫어합니다.
